image_id,text,x1,y1,x2,y2,candidate_type
X51005433514,UNIHAKKA INTERNATIONAL SDN BHD,303,296,594,314,REVIEW
X51005433514,03 MAR 2018 18:22,395,314,504,328,DATE
X51005433514,(867388-U),415,332,483,349,REVIEW
X51005433514,12,324,350,575,365,REVIEW
X51005433514,TAMPOI,352,368,543,384,REVIEW
X51005433514,TAX INVOICE,406,387,489,399,REVIEW
X51005433514,INVOICE # : OR18030302170430,288,402,468,416,PHONE
X51005433514,ITEM,288,427,315,440,REVIEW
X51005433514,QTY,389,429,413,444,REVIEW
X51005433514,TOTAL,577,430,609,444,REVIEW
X51005433514,SR 100100000035- 1 MEAT + 3 VEGE,288,448,496,465,PHONE
X51005433514,$7.10,287,467,321,481,REVIEW
X51005433514,1,389,469,398,482,REVIEW
X51005433514,$7.10,573,472,607,485,REVIEW
X51005433514,SR 100100000015- VEGETABLE,288,495,458,511,PHONE
X51005433514,$1.10,288,515,320,529,REVIEW
X51005433514,1,389,518,397,529,REVIEW
X51005433514,$1.10,571,519,606,533,REVIEW
X51005433514,TOTAL AMOUNT: $8.20,489,549,605,563,REVIEW
X51005433514,GST @6%: $0.46,504,567,605,583,REVIEW
X51005433514,NETT TOTAL: $8.20,510,585,605,599,REVIEW
X51005433514,PAYMENT MODE,285,609,373,624,REVIEW
X51005433514,AMOUNT,556,612,605,624,REVIEW
X51005433514,CASH,285,629,324,642,REVIEW
X51005433514,$8.20,570,631,604,645,REVIEW
X51005433514,CHANGE,285,647,331,663,REVIEW
X51005433514,$0.00,568,651,603,664,REVIEW
X51005433514,GST SUMMARY,284,692,358,706,REVIEW
X51005433514,AMOUNT($),447,693,499,707,REVIEW
X51005433514,TAX($),570,695,604,709,REVIEW
X51005433514,SR = GST @6%,283,712,360,726,REVIEW
X51005433514,7.74,477,714,500,725,REVIEW
X51005433514,0.46,580,716,602,726,REVIEW
X51005433514,GST REG #000656195584,364,739,518,753,PHONE
X51005433514,BAR WANG RICE@PERMAS JAYA,338,757,544,773,REVIEW
X51005433514,(PRICE INCLUSIVE OF GST),371,775,510,792,REVIEW
X51005433514,THANK YOU & COME AGAIN!,363,793,516,811,REVIEW
X51005433514,LIKE AND FOLLOW US ON FACEBOOK!,346,812,534,827,REVIEW
X51005433514,FACEBOOK.COM/BARWANGRICE,357,830,522,847,REVIEW
X51005442361,MORGANFIELD'S R,371,278,718,347,REVIEW
X51005442361,HORNG OF SDCKY BONES,525,336,683,356,REVIEW
X51005442361,TIME LESS KITCHENETTE SDN BHD,437,386,652,405,REVIEW
X51005442361,COMPANY NO : 1174703-K,460,407,630,425,REVIEW
X51005442361,GST REG NO : 0000 6771 0976,442,425,650,443,PHONE
X51005442361,LOT 50,373,442,718,464,REVIEW
X51005442361,PAHANG,435,463,658,483,REVIEW
X51005442361,GUEST CHECK,483,503,610,525,REVIEW
X51005442361,INVOICE NO: 000039121,450,533,642,553,PHONE
X51005442361,DATE: 2018-03-23,363,565,487,582,PHONE
X51005442361,CASHIER : MIZAN GENTING SERVER :,363,584,608,602,REVIEW
X51005442361,OPEN: 18:43:34,364,604,473,623,REVIEW
X51005442361,TABLE: 25,548,601,616,617,REVIEW
X51005442361,PAX: 6,363,624,411,640,REVIEW
X51005442361,1,365,663,371,678,REVIEW
X51005442361,RIBS PLATTER,400,661,492,676,REVIEW
X51005442361,SR,660,657,675,672,REVIEW
X51005442361,259.90,685,656,732,670,REVIEW
X51005442361,1,364,681,373,696,REVIEW
X51005442361,NAUGHTY SPARE RIB - FULL,401,678,583,697,REVIEW
X51005442361,SR,660,676,675,690,REVIEW
X51005442361,106.90,686,675,731,689,REVIEW
X51005442361,SLAB,401,699,431,714,REVIEW
X51005442361,1,365,719,372,734,REVIEW
X51005442361,APPLE - 350ML,401,718,500,736,REVIEW
X51005442361,SR,660,713,676,728,REVIEW
X51005442361,13.90,694,712,731,727,REVIEW
X51005442361,1,365,740,372,755,REVIEW
X51005442361,SOUR APPLE MOJITO,401,737,532,755,REVIEW
X51005442361,SR,660,734,675,747,REVIEW
X51005442361,18.90,695,733,732,746,REVIEW
X51005442361,1,366,759,372,773,REVIEW
X51005442361,BERRY EASY,401,756,478,773,REVIEW
X51005442361,SR,661,752,675,766,REVIEW
X51005442361,18.90,695,751,731,766,REVIEW
X51005442361,1,365,777,373,792,REVIEW
X51005442361,AUST RIB-EYE STEAK,400,774,541,791,REVIEW
X51005442361,SR,661,772,676,786,REVIEW
X51005442361,74.90,692,769,732,785,REVIEW
X51005442361,1,365,795,373,811,REVIEW
X51005442361,FRUITY GARDEN SALAD,401,793,548,811,REVIEW
X51005442361,SR,660,791,676,806,REVIEW
X51005442361,21.90,693,789,731,804,REVIEW
X51005442361,2,363,814,374,829,REVIEW
X51005442361,HH ASAHI 1+1/2,401,813,510,830,REVIEW
X51005442361,SR,661,809,676,824,REVIEW
X51005442361,77.80,693,808,732,823,REVIEW
X51005442361,SUB-TOTAL :,473,849,547,865,REVIEW
X51005442361,593.10,686,846,733,861,REVIEW
X51005442361,(INCLUSIVE) GST 6%,414,870,550,888,REVIEW
X51005442361,33.57,695,865,732,881,REVIEW
X51005442361,TOTAL :,496,888,550,903,REVIEW
X51005442361,19:32:35,367,910,429,925,REVIEW
X51005442361,TOTAL:,483,910,549,932,REVIEW
X51005442361,593.10,659,905,731,930,REVIEW
X51005442361,GST SUMM,367,997,430,1013,REVIEW
X51005442361,AMT (RM),581,994,641,1010,REVIEW
X51005442361,TAX(RM),680,992,732,1008,REVIEW
X51005442361,SR=,366,1019,391,1032,REVIEW
X51005442361,6%,436,1016,451,1031,REVIEW
X51005442361,559.53,597,1013,642,1027,REVIEW
X51005442361,33.57,695,1011,733,1025,REVIEW
X51005442361,OS=,367,1038,390,1051,REVIEW
X51005442361,0%,436,1036,451,1050,REVIEW
X51005442361,0.00,612,1031,642,1046,REVIEW
X51005442361,0,725,1030,734,1044,REVIEW
X51005568899,MR. D.I.Y. SDN BHD,253,342,630,381,REVIEW
X51005568899,(CO.REG :704427-T),227,381,623,424,REVIEW
X51005568899,LOT 1851-A & 1851-B,84,425,773,470,REVIEW
X51005568899,KWANSAN PERINDUSTRIAN BLANKONG,110,472,751,511,REVIEW
X51005568899,43300 SERI KEMBANGAN,130,515,750,552,REVIEW
X51005568899,(GST ID NO :001092886528),171,555,686,598,PHONE
X51005568899,(CHERAS LEISURE MALL),208,598,645,639,REVIEW
X51005568899,-TAX INVOICE-,297,643,570,684,REVIEW
X51005568899,CLOTH PEG E-140,28,726,338,763,REVIEW
X51005568899,*S,815,730,854,767,REVIEW
X51005568899,WA36 - 6/60,28,771,258,806,REVIEW
X51005568899,9555112901406,30,810,303,853,PHONE
X51005568899,1,483,814,505,851,REVIEW
X51005568899,X,524,817,544,852,REVIEW
X51005568899,5.90,585,815,669,850,REVIEW
X51005568899,5.90,726,815,811,847,REVIEW
X51005568899,ITEM(S) : 1,24,892,254,937,REVIEW
X51005568899,QTY(S) : 1,643,899,853,942,REVIEW
X51005568899,TOTAL INCL. GST@6%,30,981,402,1024,REVIEW
X51005568899,RM 5.90,710,981,853,1020,REVIEW
X51005568899,CASH,24,1024,117,1059,REVIEW
X51005568899,RM 5.90,708,1025,862,1068,REVIEW
X51005568899,GST SUMMARY,26,1111,260,1150,REVIEW
X51005568899,AMT(RM),396,1109,541,1148,REVIEW
X51005568899,TAX(RM),607,1111,746,1150,REVIEW
X51005568899,GST S@6%,26,1152,195,1187,REVIEW
X51005568899,5.57,463,1154,547,1191,REVIEW
X51005568899,0.33,667,1155,751,1192,REVIEW
X51005568899,18-10-17 15:16 SH01 ZT09,30,1280,524,1317,PHONE
X51005568899,T3 R000000163,585,1280,854,1321,PHONE
X51005568899,OPERATOR GCHT - NOR MASLIZA,30,1323,585,1364,REVIEW
X51005568899,EXCHANGE ARE ALLOWED WITHIN,149,1406,710,1443,REVIEW
X51005568899,7 DAY WITH RECEIPT,230,1447,646,1484,REVIEW
X51005568899,STRICTLY NO CASH REFUND.,191,1492,689,1529,REVIEW
X51005568900,MR. D.I.Y. SDN BHD,268,342,642,378,REVIEW
X51005568900,(CO.REG :704427-T),247,387,648,419,REVIEW
X51005568900,LOT 1851-A & 1851-B,108,425,786,465,REVIEW
X51005568900,KWANSAN PERINDUSTRIAN BLANKONG,129,469,763,507,REVIEW
X51005568900,43300 SERI KEMBANGAN,146,511,769,553,REVIEW
X51005568900,(GST ID NO :001092886528),188,555,705,595,PHONE
X51005568900,(CHERAS LEISURE MALL),232,596,671,634,REVIEW
X51005568900,-TAX INVOICE-,312,644,584,676,REVIEW
X51005568900,PADLOCK ST-P6150 50MM,40,727,477,761,REVIEW
X51005568900,*S,830,729,876,767,REVIEW
X51005568900,0Z02 - 12/48,42,769,295,805,REVIEW
X51005568900,6942131561507,44,807,312,853,PHONE
X51005568900,1,500,811,521,851,REVIEW
X51005568900,X,538,813,565,845,REVIEW
X51005568900,9.90,604,815,689,849,REVIEW
X51005568900,9.90,746,815,830,849,REVIEW
X51005568900,ITEM(S) : 1,44,895,272,935,REVIEW
X51005568900,QTY(S) : 1,665,898,870,936,REVIEW
X51005568900,TOTAL INCL. GST@6%,44,978,428,1022,REVIEW
X51005568900,RM 9.90,718,982,872,1018,REVIEW
X51005568900,CASH,42,1026,129,1058,REVIEW
X51005568900,RM 10.00,703,1026,874,1064,REVIEW
X51005568900,CHANGE,46,1067,168,1101,REVIEW
X51005568900,RM 0.10,722,1066,872,1104,REVIEW
X51005568900,GST SUMMARY,40,1153,277,1185,REVIEW
X51005568900,AMT(RM),410,1151,562,1187,REVIEW
X51005568900,TAX(RM),623,1155,764,1191,REVIEW
X51005568900,GST S@6%,38,1191,220,1233,REVIEW
X51005568900,9.34,475,1191,560,1233,REVIEW
X51005568900,0.56,684,1195,768,1235,REVIEW
X51005568900,28-12-17 18:52 SH01 ZT09,46,1318,540,1354,PHONE
X51005568900,T1 R000020832,602,1318,870,1360,PHONE
X51005568900,OPERATOR TRAINEE CASHIER,46,1364,542,1402,REVIEW
X51005568900,EXCHANGE ARE ALLOWED WITHIN,165,1447,727,1485,REVIEW
X51005568900,7 DAY WITH RECEIPT,251,1491,661,1523,REVIEW
X51005568900,STRICTLY NO CASH REFUND.,205,1531,703,1567,REVIEW
X51005711445,RESTORAN WAN SHENG,230,264,560,310,REVIEW
X51005711445,002043319-W,282,314,494,346,PHONE
X51005711445,NO.2,147,351,645,397,REVIEW
X51005711445,SEKSYEN 9,99,393,703,435,REVIEW
X51005711445,43200 CHERAS,183,437,592,477,REVIEW
X51005711445,GST REG NO: 001335787520,171,482,624,520,PHONE
X51005711445,TAX INVOICE,169,564,578,612,REVIEW
X51005711445,INV NO.: 1040841,34,649,328,689,REVIEW
X51005711445,CASHIER: THANDAR,351,647,647,697,REVIEW
X51005711445,DATE,39,698,114,737,REVIEW
X51005711445,: 12-03-2018 10:13:04,168,695,552,743,PHONE
X51005711445,DESCRIPTION,34,782,239,822,REVIEW
X51005711445,QTY,306,784,362,824,REVIEW
X51005711445,U.PRICE,429,778,560,820,REVIEW
X51005711445,TOTAL,586,774,681,822,REVIEW
X51005711445,TAX,687,780,764,818,REVIEW
X51005711445,CHAM (B),34,856,181,904,REVIEW
X51005711445,2 X,276,905,344,951,REVIEW
X51005711445,2.20,433,901,528,957,REVIEW
X51005711445,4.40,596,903,683,953,REVIEW
X51005711445,SR,705,901,757,953,REVIEW
X51005711445,ROTI STEAM,32,949,219,991,REVIEW
X51005711445,2 X,280,989,344,1039,REVIEW
X51005711445,1.10,445,987,532,1039,REVIEW
X51005711445,2.20,596,989,677,1037,REVIEW
X51005711445,SR,713,987,751,1031,REVIEW
X51005711445,KATE AWAY,40,1030,207,1076,REVIEW
X51005711445,2 X,280,1074,346,1118,REVIEW
X51005711445,0.20,443,1078,530,1120,REVIEW
X51005711445,0.40,604,1076,679,1120,REVIEW
X51005711445,SR,707,1076,751,1112,REVIEW
X51005711445,TATAL QTY:6,36,1160,266,1200,REVIEW
X51005711445,TOTAL (EXCLUDING GST):,34,1203,431,1243,REVIEW
X51005711445,6.62,669,1201,750,1243,REVIEW
X51005711445,GST PAYABLE (6%):,38,1243,350,1287,REVIEW
X51005711445,0.38,671,1249,762,1287,REVIEW
X51005711445,TOTAL (INCLUSIVE OF GST):,38,1287,479,1333,REVIEW
X51005711445,7.00,667,1289,762,1327,REVIEW
X51005711445,TOTAL:,38,1328,243,1374,REVIEW
X51005711445,7.00,604,1330,747,1376,REVIEW
X51005711445,CASH :,34,1410,155,1460,REVIEW
X51005711445,7.00,671,1414,754,1458,REVIEW
X51005711445,GST SUMMARY,42,1541,237,1583,REVIEW
X51005711445,AMOUNT (RM),393,1543,570,1581,REVIEW
X51005711445,TAX (RM),616,1539,753,1579,REVIEW
X51005711445,SR,40,1586,82,1626,REVIEW
X51005711445,(@ 6%),220,1582,323,1626,REVIEW
X51005711445,6.62,498,1586,573,1626,REVIEW
X51005711445,0.38,671,1588,754,1624,REVIEW
X51005711451,RESTORAN WAN SHENG,241,264,574,304,REVIEW
X51005711451,002043319-W,299,312,494,345,PHONE
X51005711451,NO.2,151,349,651,393,REVIEW
X51005711451,SEKSYEN 9,115,395,707,437,REVIEW
X51005711451,43200 CHERAS,207,441,596,479,REVIEW
X51005711451,GST REG NO: 001335787520,188,481,619,515,PHONE
X51005711451,TAX INVOICE,192,565,583,609,REVIEW
X51005711451,INV NO.: 1030720,44,649,335,687,REVIEW
X51005711451,CASHIER: NICOLE,364,647,636,693,REVIEW
X51005711451,DATE,44,694,122,738,REVIEW
X51005711451,: 05-03-2018 19:02:50,171,691,549,738,PHONE
X51005711451,DESCRIPTION,42,778,243,824,REVIEW
X51005711451,QTY,316,774,372,822,REVIEW
X51005711451,U.PRICE,433,776,571,818,REVIEW
X51005711451,TOTAL,594,775,684,817,REVIEW
X51005711451,TAX,703,776,757,816,REVIEW
X51005711451,MILO (B),40,860,197,904,REVIEW
X51005711451,2 X,293,900,352,942,REVIEW
X51005711451,2.80,452,900,527,938,REVIEW
X51005711451,5.60,613,904,690,948,REVIEW
X51005711451,SR,722,900,755,946,REVIEW
X51005711451,TAKE AWAY,42,944,209,988,REVIEW
X51005711451,2 X,293,988,354,1026,REVIEW
X51005711451,0.20,450,986,532,1026,REVIEW
X51005711451,0.40,609,983,691,1023,REVIEW
X51005711451,SR,718,990,762,1034,REVIEW
X51005711451,TOTAL QTY:4,48,1071,270,1109,REVIEW
X51005711451,TOTAL (EXCLUDING GST):,40,1115,444,1155,REVIEW
X51005711451,5.66,672,1109,760,1155,REVIEW
X51005711451,GST PAYABLE (6%):,48,1155,356,1197,REVIEW
X51005711451,0.34,680,1161,757,1195,REVIEW
X51005711451,TOTAL (INCLUSIVE OF GST):,40,1199,494,1243,REVIEW
X51005711451,6.00,680,1201,759,1235,REVIEW
X51005711451,TOTAL:,46,1243,255,1283,REVIEW
X51005711451,6.00,613,1245,749,1281,REVIEW
X51005711451,CASH:,48,1322,157,1368,REVIEW
X51005711451,6.00,684,1327,749,1365,REVIEW
X51005711451,GST SUMMARY,42,1454,249,1494,REVIEW
X51005711451,AMOUNT (RM),396,1459,572,1492,REVIEW
X51005711451,TAX (RM),630,1448,754,1492,REVIEW
X51005711451,SR,44,1496,96,1534,REVIEW
X51005711451,(@ 6%),220,1496,329,1538,REVIEW
X51005711451,5.66,508,1496,585,1534,REVIEW
X51005711451,0.34,682,1498,757,1534,REVIEW
X51005715010,3-1708032,205,31,460,79,PHONE
X51005715010,WATSONS,156,135,477,180,REVIEW
X51005715010,WATSON'S PERSONAL CARE STORES SDN BHD,71,205,516,233,REVIEW
X51005715010,COMPANY REG NO.: 28982V,148,233,440,260,REVIEW
X51005715010,GST REG NO. 000947339264,149,259,445,290,PHONE
X51005715010,USJ SUMMIT,155,285,446,317,REVIEW
X51005715010,22241 WS CUT SCUSSORS,53,340,333,365,REVIEW
X51005715010,18.00,427,341,494,366,REVIEW
X51005715010,S,505,336,529,369,REVIEW
X51005715010,64542 QVS TEMPO TWEEZER,61,365,352,390,REVIEW
X51005715010,17.90,429,365,488,393,REVIEW
X51005715010,S,508,369,529,393,REVIEW
X51005715010,21434 WS BABY WIPES FRAG,60,396,367,420,REVIEW
X51005715010,7.90,431,391,491,419,REVIEW
X51005715010,S,506,391,531,418,REVIEW
X51005715010,PWP LESS 30% MAR 18,93,417,320,445,REVIEW
X51005715010,-2.37,428,423,496,446,REVIEW
X51005715010,95448 WATSONS BASKET,53,444,312,472,REVIEW
X51005715010,0.00,440,447,487,472,REVIEW
X51005715010,Z,501,439,528,475,REVIEW
X51005715010,SUBTOTAL (QTY 4),109,496,329,525,REVIEW
X51005715010,RM41.43,403,497,495,526,REVIEW
X51005715010,ROUNDING,108,525,208,554,REVIEW
X51005715010,SUBTOTAL (QTY 4),107,577,326,608,REVIEW
X51005715010,RM41.45,400,576,495,604,REVIEW
X51005715010,CASH,101,605,165,632,REVIEW
X51005715010,RM51.50,403,606,496,633,REVIEW
X51005715010,CHANGE CASH,104,632,247,665,REVIEW
X51005715010,RN10.05,401,633,486,660,REVIEW
X51005715010,GST SUMMARY,225,712,360,739,REVIEW
X51005715010,RATE,52,744,111,771,REVIEW
X51005715010,NET(RM),195,742,280,766,REVIEW
X51005715010,GST(RM),307,740,392,769,REVIEW
X51005715010,TOTAL(RM),428,737,541,770,REVIEW
X51005715010,S,59,769,80,794,REVIEW
X51005715010,6.00%,97,768,161,793,REVIEW
X51005715010,39.09,188,768,251,791,REVIEW
X51005715010,2.34,309,766,356,791,REVIEW
X51005715010,41.43,424,764,493,789,REVIEW
X51005715010,STATEMENT,247,896,359,927,REVIEW
X51005715010,LOYALTY ACC.NUMBER,68,946,291,983,REVIEW
X51005715010,9926016**,368,950,483,977,REVIEW
X51005715010,DESCRIPTION,73,981,213,1008,REVIEW
X51005715010,TOTAL POINTS,370,980,513,1005,REVIEW
X51005715010,OPENING BALANCE,68,1009,261,1037,REVIEW
X51005715010,2264,437,1006,488,1031,REVIEW
X51005715010,EARNED POINTS,73,1032,230,1059,REVIEW
X51005715010,43,457,1033,500,1057,REVIEW
X51005715010,CLOSING BALANCE,72,1061,260,1089,REVIEW
X51005715010,2307,437,1058,486,1083,REVIEW
X51005715010,00440010036,62,1191,193,1217,PHONE
X51005715010,25032018,207,1192,299,1215,REVIEW
X51005715010,13:11:54,315,1190,406,1216,REVIEW
X51005715010,0003,415,1191,466,1216,REVIEW
X51005715010,IKA,479,1189,510,1220,REVIEW
X51005715010,RM0.02,415,527,487,554,REVIEW
X51005719912,GUARDIAN HEALTH AND BEAUTY SDN BHD,53,424,671,467,REVIEW
X51005719912,GUARDIAN GIANT BREM MALL,51,462,489,505,REVIEW
X51005719912,G-19 LEVEL G,50,507,274,552,REVIEW
X51005719912,BREM MALL,51,556,222,603,REVIEW
X51005719912,TEL:03-62584088,51,607,327,652,PHONE
X51005719912,COMPANY REG #1101083-T,51,661,457,705,REVIEW
X51005719912,GST REG #000899874816,51,708,440,755,PHONE
X51005719912,RM,595,809,635,860,REVIEW
X51005719912,121095079 GDN MC H/W ENC ROM,56,863,560,904,PHONE
X51005719912,121095079 GDN MC H/W ENC ROM,52,911,564,958,PHONE
X51005719912,121095081 GDN MC H/W N/DREAM,55,964,561,1010,PHONE
X51005719912,121095081 GDN MC H/W N/DREAM,52,1015,562,1063,PHONE
X51005719912,P3 KDP G HW 4@12,52,1065,351,1111,REVIEW
X51005719912,SUBTOTAL,125,1116,272,1160,REVIEW
X51005719912,5.90,645,863,722,908,REVIEW
X51005719912,5.90,648,914,725,959,REVIEW
X51005719912,5.90,646,965,727,1013,REVIEW
X51005719912,5.90,646,1015,724,1063,REVIEW
X51005719912,11.60-,634,1069,744,1113,REVIEW
X51005719912,12.00,633,1121,725,1163,REVIEW
X51005719912,S,755,864,780,908,REVIEW
X51005719912,S,756,916,780,959,REVIEW
X51005719912,S,755,965,779,1009,REVIEW
X51005719912,S,755,1020,778,1060,REVIEW
X51005719912,TOTAL (GST INCL),52,1215,346,1261,REVIEW
X51005719912,CASH,53,1264,130,1312,REVIEW
X51005719912,12.00,629,1218,727,1262,REVIEW
X51005719912,12.00,631,1269,725,1311,REVIEW
X51005719912,YOUR SAVINGS FOR TODAY,51,1367,455,1412,REVIEW
X51005719912,11.60,634,1368,726,1414,REVIEW
X51005719912,GST,49,1417,112,1459,REVIEW
X51005719912,S,49,1469,76,1510,REVIEW
X51005719912,RATE,158,1417,239,1466,REVIEW
X51005719912,6%,178,1466,219,1510,REVIEW
X51005719912,GST EXCL,344,1417,488,1464,REVIEW
X51005719912,11.32,380,1468,473,1512,REVIEW
X51005719912,GST AMT,558,1417,689,1465,REVIEW
X51005719912,0.68,559,1470,633,1515,REVIEW
X51005719912,THANK YOU FOR SHOPPING,214,1567,616,1615,REVIEW
X51005719912,AT GUARDIAN,299,1619,509,1664,REVIEW
X51005719912,ALL AMOUNTS ARE IN RM,215,1665,598,1714,REVIEW
X51005719912,GOODS SOLD ARE NON-REFUNDABLE.,143,1719,686,1766,REVIEW
X51005719912,DISPENSED MEDICINES SOLD ARE,163,1769,670,1814,REVIEW
X51005719912,NOT RETURNABLE.,268,1819,542,1866,REVIEW
X51005719912,ALL EXCHANGES AND RETURNS INCLUDING,88,1870,724,1917,REVIEW
X51005719912,GUARDIAN BRAND PRODUCTS MUST BE MADE,87,1917,744,1966,REVIEW
X51005719912,WITHIN 7DAYS WITH ORIGINAL RECEIPTS AND,52,1968,761,2018,REVIEW
X51005719912,PRODUCT IN ORIGINAL CONDITION.,141,2019,688,2066,REVIEW
X51005719912,ST:0 CTR1 ID:9658 TAXINV:41336,139,2070,689,2117,REVIEW
X51005719912,16:14,253,2117,348,2162,REVIEW
X51005719912,04/03/18,432,2118,581,2167,DATE
X51006008095,BOON SENG PAPER SDN BHD (1248717-W),94,150,650,181,REVIEW
X51006008095,12,184,178,561,209,REVIEW
X51006008095,2/16 SEKSYEN 2,254,211,480,240,REVIEW
X51006008095,40000 SHAH ALAM,171,239,575,269,REVIEW
X51006008095,TEL : 03-5519 0823,127,302,361,335,PHONE
X51006008095,FAX : 03-5519 0823,380,303,617,336,PHONE
X51006008095,GST ID : 001005957120,203,363,544,395,PHONE
X51006008095,TAX INVOICE,288,408,457,438,REVIEW
X51006008095,NO. : CS180319-0015,416,451,644,482,PHONE
X51006008095,QTY,444,502,489,535,REVIEW
X51006008095,RM,564,499,614,528,REVIEW
X51006008095,TAX,625,500,675,528,REVIEW
X51006008095,TAPE @ 2.50,65,549,239,581,REVIEW
X51006008095,12,438,550,475,578,REVIEW
X51006008095,30.00,542,548,613,578,REVIEW
X51006008095,SR,633,551,670,570,REVIEW
X51006008095,TOTAL AMT INCL. GST @ 6%:,81,610,424,643,REVIEW
X51006008095,ROUNDING ADJUSTMENT:,147,649,423,684,REVIEW
X51006008095,TOTAL AMT PAYABLE:,178,688,423,724,REVIEW
X51006008095,PAID AMOUNT:,247,729,425,758,REVIEW
X51006008095,CHANGE:,309,772,423,803,REVIEW
X51006008095,TOTAL QTY TENDER:,194,808,421,844,REVIEW
X51006008095,DEPOSIT:,303,856,419,889,REVIEW
X51006008095,31.80,540,609,615,639,REVIEW
X51006008095,0.00,556,654,615,682,REVIEW
X51006008095,31.80,541,690,616,719,REVIEW
X51006008095,31.80,540,733,616,762,REVIEW
X51006008095,0.00,557,771,614,800,REVIEW
X51006008095,12,581,813,619,846,REVIEW
X51006008095,GST SUMMARY,91,930,275,962,REVIEW
X51006008095,SR @ 6%,94,1000,214,1027,REVIEW
X51006008095,TOTAL,93,1035,157,1065,REVIEW
X51006008095,AMOUNT,339,932,438,959,REVIEW
X51006008095,(RM),372,962,438,992,REVIEW
X51006008095,30.00,366,1000,436,1025,REVIEW
X51006008095,30.00,368,1035,437,1062,REVIEW
X51006008095,TAX,561,932,610,960,REVIEW
X51006008095,(RM),544,963,609,994,REVIEW
X51006008095,1.80,553,1000,610,1025,REVIEW
X51006008095,1.80,555,1037,609,1062,REVIEW
X51006008095,THANK YOU,313,1139,479,1169,REVIEW
X51006008095,GOODS SOLD ARE NOT RETURNABLE,211,1180,576,1208,REVIEW
X51006008095,19/03/2018 1:01:43 PM,259,1213,534,1241,DATE
X51006387813,TOKYO KITCHEN (CITTA MALL),132,241,498,271,REVIEW
X51006387813,TOKYO KITCHEN SDN BHD,174,277,469,306,REVIEW
X51006387813,(945402-P),242,313,386,341,REVIEW
X51006387813,G-26,115,347,498,377,REVIEW
X51006387813,NO 1,200,380,424,409,REVIEW
X51006387813,1A/4B,93,414,525,446,REVIEW
X51006387813,47301 PETALING JAYA.,173,452,453,479,REVIEW
X51006387813,SELANGOR.,253,486,381,512,REVIEW
X51006387813,GST REG. NO : 002007515136,130,520,498,549,PHONE
X51006387813,TAX INVOICE,145,587,455,620,REVIEW
X51006387813,TABLE D2,29,658,256,712,REVIEW
X51006387813,POSTED,423,636,649,696,REVIEW
X51006387813,ORDER#. 149308,30,714,230,741,REVIEW
X51006387813,BILL#: V007- 147795,30,746,301,776,PHONE
X51006387813,PAX(S): 4,411,747,541,777,REVIEW
X51006387813,DATE,30,783,89,813,REVIEW
X51006387813,: 23-04-2017 21:04:28,130,783,426,811,PHONE
X51006387813,POWERED BY WWW.MYSIS.COM.MY,115,2405,498,2435,REVIEW
X51006387813,CASHIER: JIMIE,29,817,230,846,REVIEW
X51006387813,DESCRIPTION,29,886,189,919,REVIEW
X51006387813,QTY,240,886,287,919,REVIEW
X51006387813,U.PRICE,340,885,440,917,REVIEW
X51006387813,TOTAL,468,884,538,916,REVIEW
X51006387813,TAX,553,885,597,914,REVIEW
X51006387813,SALMON TERIYAKI WAZEN,32,956,331,987,REVIEW
X51006387813,CHICKEN SALAD & SASHIMI GOZEN,26,1024,444,1054,REVIEW
X51006387813,CHICKEN KATSU CURRY WAZEN,32,1096,385,1126,REVIEW
X51006387813,SABA TERIYAKI WAZEN,31,1164,299,1192,REVIEW
X51006387813,1 X,230,994,273,1019,REVIEW
X51006387813,1 X,231,1059,272,1087,REVIEW
X51006387813,1 X,231,1131,271,1156,REVIEW
X51006387813,1 X,230,1200,271,1225,REVIEW
X51006387813,25.90,341,992,415,1018,REVIEW
X51006387813,25.90,340,1059,413,1088,REVIEW
X51006387813,19.90,344,1130,413,1156,REVIEW
X51006387813,25.90,341,1197,411,1226,REVIEW
X51006387813,25.90,465,991,539,1021,REVIEW
X51006387813,25.90,466,1059,540,1086,REVIEW
X51006387813,19.90,470,1128,539,1157,REVIEW
X51006387813,25.90,466,1199,539,1226,REVIEW
X51006387813,SR,567,992,596,1020,REVIEW
X51006387813,SR,567,1060,597,1088,REVIEW
X51006387813,SR,565,1129,596,1159,REVIEW
X51006387813,SR,567,1197,596,1226,REVIEW
X51006387813,TOTAL (EXCLUDING GST):,31,1263,341,1297,REVIEW
X51006387813,SERV. CHARGE (10%):,29,1300,298,1330,REVIEW
X51006387813,GST PAYABLE:,29,1332,200,1364,REVIEW
X51006387813,TOTAL (INCLUSIVE OF GST):,33,1369,385,1399,REVIEW
X51006387813,97.60,522,1262,598,1294,REVIEW
X51006387813,9.76,536,1298,597,1329,REVIEW
X51006387813,6.44,536,1334,595,1362,REVIEW
X51006387813,113.80,511,1370,595,1398,REVIEW
X51006387813,TOTAL:,31,1439,192,1492,REVIEW
X51006387813,113.80,429,1440,594,1489,REVIEW
X51006387813,CLOSED: 1528,30,1526,201,1554,REVIEW
X51006387813,23-04-2017,297,1525,440,1555,PHONE
X51006387813,21:42:00,480,1529,596,1557,REVIEW
X51006387813,SERVER: PETER,30,1560,216,1592,REVIEW
X51006387813,VISA,32,1665,88,1692,REVIEW
X51006387813,113.80,511,1667,592,1693,REVIEW
X51006387813,- ************7501,23,1693,284,1728,REVIEW
X51006387813,- WONG TAI CHIN,26,1732,247,1763,REVIEW
X51006387813,- %B42,27,1768,116,1795,REVIEW
X51006387813,GST SUMMARY,28,1904,187,1936,REVIEW
X51006387813,AMOUNT(RM),310,1905,453,1938,REVIEW
X51006387813,TAX(RM),493,1905,593,1937,REVIEW
X51006387813,SR,29,1937,62,1965,REVIEW
X51006387813,(@ 6%),171,1938,254,1970,REVIEW
X51006387813,107.36,368,1938,456,1970,REVIEW
X51006387813,6.44,535,1942,593,1970,REVIEW
X51006387813,(GUEST SIGNATURE),198,2104,437,2136,REVIEW
X51006387813,THANK YOU,238,2308,371,2340,REVIEW
X51006387813,PLEASE COME AGAIN,196,2341,441,2374,REVIEW
X51006388064,BEMED (SP) SDN. BHD.,152,235,531,273,REVIEW
X51006388064,NO.49,176,279,513,312,REVIEW
X51006388064,SUBANG PERDANA,239,321,453,350,REVIEW
X51006388064,40150 SHAH ALAM,144,356,545,391,REVIEW
X51006388064,03-7845 8155,257,398,427,422,PHONE
X51006388064,GST REG : 001734164480,183,436,499,467,PHONE
X51006388064,CASH RECEIPT,221,484,467,516,REVIEW
X51006388064,CB# : 59581331715,59,534,333,561,PHONE
X51006388064,14/MAY/2017 02:56:39,368,524,638,559,REVIEW
X51006388064,CASHIER : MIMLE (),59,574,304,607,REVIEW
X51006388064,QTY,59,614,110,644,REVIEW
X51006388064,CODE&DESC,135,610,297,639,REVIEW
X51006388064,PRICE,420,609,490,637,REVIEW
X51006388064,TOTAL,523,606,596,636,REVIEW
X51006388064,PIL CHI-KIT TECK AUN (12'S),61,662,475,695,REVIEW
X51006388064,PANADOL ACTIFAST 20'S,61,755,427,788,REVIEW
X51006388064,ALPHA LIPID LIFE LINE,59,849,393,880,REVIEW
X51006388064,1,84,703,98,730,REVIEW
X51006388064,1,82,799,96,826,REVIEW
X51006388064,1,84,896,97,923,REVIEW
X51006388064,160160,120,704,220,731,REVIEW
X51006388064,458140,117,799,219,824,REVIEW
X51006388064,184810,120,894,219,922,REVIEW
X51006388064,-1.58,304,704,379,729,REVIEW
X51006388064,15.80,407,701,482,730,REVIEW
X51006388064,12.00,406,797,482,825,REVIEW
X51006388064,165.00,388,893,482,920,REVIEW
X51006388064,14.22,530,698,605,726,REVIEW
X51006388064,12.00,529,794,605,822,REVIEW
X51006388064,165.00,512,893,603,920,REVIEW
X51006388064,SR,521,659,557,680,REVIEW
X51006388064,ZRL,519,753,566,775,REVIEW
X51006388064,SR,520,849,557,872,REVIEW
X51006388064,3,78,945,101,971,REVIEW
X51006388064,TYPE:,140,945,215,976,REVIEW
X51006388064,3,255,943,273,970,REVIEW
X51006388064,SUBTOTAL:,60,994,190,1023,REVIEW
X51006388064,ROUNDING ADJ :,60,1034,260,1067,REVIEW
X51006388064,TOTAL INCLUSIVE GST:,61,1077,426,1112,REVIEW
X51006388064,VISA,59,1124,131,1151,REVIEW
X51006388064,191.22,494,990,589,1020,REVIEW
X51006388064,-0.02,515,1032,589,1059,REVIEW
X51006388064,191.20,465,1077,588,1111,REVIEW
X51006388064,191.20,494,1122,587,1149,REVIEW
X51006388064,GST SUMMARY:,58,1190,268,1224,REVIEW
X51006388064,AMOUNT,333,1188,443,1215,REVIEW
X51006388064,TAX,536,1184,586,1213,REVIEW
X51006388064,(MYR),350,1220,441,1254,REVIEW
X51006388064,(MYR),500,1221,588,1254,REVIEW
X51006388064,SR,59,1278,105,1304,REVIEW
X51006388064,ZRL,61,1388,121,1415,REVIEW
X51006388064,169.08,350,1274,443,1304,REVIEW
X51006388064,10.14,516,1275,591,1303,REVIEW
X51006388064,12.00,369,1386,445,1413,REVIEW
X51006388064,0.00,531,1386,590,1411,REVIEW
X51006388064,ONG GUAT CHYE,58,1488,315,1515,REVIEW
X51006388064,POINTS : 1,60,1534,247,1564,REVIEW
X51006388064,THANK YOU.,196,1587,380,1623,REVIEW
X51006388064,PLEASE COME AGAIN.,129,1627,454,1664,REVIEW
X51006392122,Z = 0%,74,22,163,51,REVIEW
X51006392122,4.00,344,12,402,36,REVIEW
X51006392122,0.00,542,6,603,30,REVIEW
X51006392122,THANK YOU AND DO VISIT US AGAIN,87,45,559,88,REVIEW
X51006392122,CASHIER [P.NISANTHI],42,135,341,171,REVIEW
X51006392122,MACHINE [003],448,124,645,158,REVIEW
X51006392122,[19/06/17] [11:37],46,178,314,215,DATE
X51006392122,FIVE STAR CASH & CARRY,117,458,588,491,REVIEW
X51006392122,(1365663-P),256,504,417,534,REVIEW
X51006392122,G.23 & G.22,113,542,571,572,REVIEW
X51006392122,NO.1 JALAN SS 9/1,58,584,630,617,REVIEW
X51006392122,TEL/FAX : 603-7877 9712,88,625,438,652,PHONE
X51006392122,(POS 3),499,621,601,654,REVIEW
X51006392122,(GST NO.: 000610435072),168,662,509,696,PHONE
X51006392122,TAX INVOICE,180,742,512,771,REVIEW
X51006392122,RECEIPT NO.[00550388],44,783,358,815,REVIEW
X51006392122,19/06/17 11:43,437,780,649,807,DATE
X51006392122,9555339300051,47,823,239,850,PHONE
X51006392122,X,315,829,329,848,REVIEW
X51006392122,1,423,823,435,848,REVIEW
X51006392122,45.00 S,543,820,648,847,REVIEW
X51006392122,[AKS]APPALAM 3KG,45,861,285,896,REVIEW
X51006392122,QUANTITY OUT : 1,44,944,282,974,REVIEW
X51006392122,NET TOTAL :,134,1021,435,1050,REVIEW
X51006392122,POSTED,437,405,670,458,REVIEW
X51006392122,45.00,496,1021,645,1050,REVIEW
X51006392122,CASH :,286,1062,434,1089,REVIEW
X51006392122,45.00,496,1059,645,1089,REVIEW
X51006392122,GST SUMMARY,45,1140,207,1174,REVIEW
X51006392122,AMOUNT(RM),254,1141,404,1172,REVIEW
X51006392122,TAX(RM),496,1141,601,1174,REVIEW
X51006392122,S = 6%,71,1181,163,1210,REVIEW
X51006392122,42.45,333,1181,408,1208,REVIEW
X51006392122,2.55,541,1182,604,1209,REVIEW
X51006392122,Z = 0%,71,1220,165,1248,REVIEW
X51006392122,0.00,346,1221,405,1248,REVIEW
X51006392122,0.00,543,1223,604,1248,REVIEW
X51006392122,THANK YOU AND DO VISIT US AGAIN,89,1262,560,1289,REVIEW
X51006392122,CASHIER [P.NISANTHI],43,1342,344,1376,REVIEW
X51006392122,MACHINE [003],452,1341,645,1376,REVIEW
X51006392122,[19/06/17] [11:43],47,1379,313,1415,DATE
X51006392273,BROADVIEW MARKETING SDN BHD(728384-M),50,225,612,255,REVIEW
X51006392273,NO. 9-G,144,259,528,290,REVIEW
X51006392273,TAMAN SUBANG PERDANA,113,292,563,326,REVIEW
X51006392273,40150 SHAH ALAM,121,327,554,360,REVIEW
X51006392273,03-78459183,248,361,424,390,PHONE
X51006392273,GST REG NO: 000203587584,144,397,525,429,PHONE
X51006392273,TAX INVOICE,267,454,444,482,REVIEW
X51006392273,BILL NO,47,488,125,512,REVIEW
X51006392273,:,162,495,172,511,REVIEW
X51006392273,BM-161113,199,493,339,518,REVIEW
X51006392273,DATE,47,527,105,552,REVIEW
X51006392273,:,162,535,173,555,REVIEW
X51006392273,03/06/2017 5:02:54 PM,201,530,490,555,DATE
X51006392273,CASHIER,47,565,136,590,REVIEW
X51006392273,:,164,572,172,592,REVIEW
X51006392273,MERLIN,199,567,273,591,REVIEW
X51006392273,DESCRIPTION,84,620,225,647,REVIEW
X51006392273,QTY,316,625,359,650,REVIEW
X51006392273,PRICE,410,621,472,648,REVIEW
X51006392273,AMOUNT,489,625,591,648,REVIEW
X51006392273,1,47,663,56,683,REVIEW
X51006392273,SR* HM BAG 0*0,85,661,268,686,REVIEW
X51006392273,1,345,667,357,688,REVIEW
X51006392273,18.00,409,667,473,691,REVIEW
X51006392273,18.00,520,666,587,690,REVIEW
X51006392273,24 X36 (2KG),138,686,271,714,REVIEW
X51006392273,TOTAL :,300,740,379,765,REVIEW
X51006392273,18.00,540,741,603,764,REVIEW
X51006392273,TOTAL ITEM DISCOUNT:,131,775,378,804,REVIEW
X51006392273,0.00,553,781,607,804,REVIEW
X51006392273,TOTAL SALES INCLUSIVE GST :,61,832,377,860,REVIEW
X51006392273,18.00,539,837,607,859,REVIEW
X51006392273,CASH RECEIVED :,191,890,378,918,REVIEW
X51006392273,18.00,539,892,607,916,REVIEW
X51006392273,GST SUMMARY,51,960,223,989,REVIEW
X51006392273,TAX CODE %,50,1000,209,1029,REVIEW
X51006392273,TAXABLE AMOUNT,275,1004,471,1030,REVIEW
X51006392273,GST,502,1005,552,1030,REVIEW
X51006392273,SR,69,1039,103,1063,REVIEW
X51006392273,6.00,182,1039,234,1064,REVIEW
X51006392273,16.98,371,1041,440,1066,REVIEW
X51006392273,1.02,498,1043,554,1065,REVIEW
X51006392273,GST :,48,1093,117,1120,REVIEW
X51006392273,1.02,196,1097,253,1121,REVIEW
X51006392273,* GST INCLUDE ITEM,50,1131,286,1158,REVIEW
X51006392273,POSTED,293,1092,649,1221,REVIEW
X51006392273,THANK YOU. PLEASE COME AGAIN.,177,1245,556,1280,REVIEW
X51006414533,BHPETROL PERMAS JAYA 2,2163,1855,3045,1944,REVIEW
X51006414533,LOT PTD 101051,2310,1955,2886,2030,REVIEW
X51006414533,JALAN PERMAS 10/10,2233,2051,2963,2139,REVIEW
X51006414533,8175 MASAI,2236,2151,2956,2239,REVIEW
X51006414533,PREPAY CHIT NUMBER,2191,2438,2915,2531,REVIEW
X51006414533,57381,2350,2536,2742,2622,REVIEW
X51006414533,THIS IS NOT A RECEIPT,2151,2733,2988,2812,REVIEW
X51006414533,A TAX INVOICE WILL BE ISSUED UPON THE,1834,2837,3300,2922,REVIEW
X51006414533,COMPLETION OF THE SALE TRANSACTION,1911,2933,3267,3019,REVIEW
X51006414533,10-04-2018 08:11:53,1757,3124,2511,3206,PHONE
X51006414533,CASHIER: 465,2701,3121,3193,3200,REVIEW
X51006414533,TRANSACTION NO: 1-494268,1753,3218,2710,3314,REVIEW
X51006414533,ITEM,1746,3422,1916,3510,REVIEW
X51006414533,U\PRICE,2410,3418,2697,3502,REVIEW
X51006414533,QNTY AMOUNT,2853,3415,3303,3511,REVIEW
X51006414533,PPF,1734,3610,1862,3694,REVIEW
X51006414533,P7,2337,3605,2419,3693,REVIEW
X51006414533,50,2935,3603,3024,3694,REVIEW
X51006414533,50.00,3085,3607,3300,3691,REVIEW
X51006414533,TOTAL AMOUNT,2296,3800,2780,3894,REVIEW
X51006414533,CASH,2284,3899,2464,3983,REVIEW
X51006414533,RM,2925,3894,3016,3988,REVIEW
X51006414533,THANK YOU FOR SHOPPING AT BHPETROMART,1813,4097,3292,4183,REVIEW
X51006414533,CUSTOMER SERVICE 1-300-22-2828,1965,4200,3175,4282,PHONE
X51006414533,1.000,2504,3611,2708,3693,REVIEW
X51006414533,50.00,3082,3894,3296,3979,REVIEW
X51006555125,TAX INVOICE,53,183,269,220,REVIEW
X51006555125,KHIAM AIK CHAN SDN BHD (88842-H),54,256,545,285,REVIEW
X51006555125,NO. 76,56,298,292,325,REVIEW
X51006555125,47500 SUBANG JAYA,56,331,413,358,REVIEW
X51006555125,GST REG.: 000555819008,59,361,321,392,PHONE
X51006555125,CASH SALES NO. :,57,407,223,433,REVIEW
X51006555125,CS-19204,258,407,364,433,REVIEW
X51006555125,DATE :,57,443,119,466,REVIEW
X51006555125,25/09/2017 01:48:57 PM,259,440,520,465,DATE
X51006555125,1. MAX 10-1M STAPLES,77,513,295,543,REVIEW
X51006555125,2 X 14.20,99,549,203,573,REVIEW
X51006555125,28.40,490,547,553,572,REVIEW
X51006555125,TATAL SALES INCLUSIVE GST @6%,57,587,372,614,REVIEW
X51006555125,28.40,491,589,554,613,REVIEW
X51006555125,CASH,267,661,327,684,REVIEW
X51006555125,50.00,497,661,555,690,REVIEW
X51006555125,CHANGE,269,692,359,713,REVIEW
X51006555125,21.60,495,693,555,717,REVIEW
X51006555125,GST SUMMARY,57,730,205,761,REVIEW
X51006555125,AMOUNT(RM),234,733,367,762,REVIEW
X51006555125,TAX(RM),430,731,523,761,REVIEW
X51006555125,SR @ 6%,56,762,155,789,REVIEW
X51006555125,26.79,304,762,365,789,REVIEW
X51006555125,1.61,473,763,522,789,REVIEW
X51006555125,GOODS SOLD ARE NOT RETURNABLE.,140,923,445,950,REVIEW
X51006555125,THANK YOU! PLEASE COME AGAIN!,135,951,449,976,REVIEW
X51006555806,GARDENIA BAKERIES (KL) SDN BHD (139386 X),35,74,591,97,REVIEW
X51006555806,LOT 3,174,95,445,120,REVIEW
X51006555806,40300 SHAH ALAM,161,118,458,143,REVIEW
X51006555806,TEL: 03- 55423228,121,144,306,164,PHONE
X51006555806,GST ID: 000381399040,192,166,431,189,PHONE
X51006555806,TAX INVOICE / ADJUSTMENT NOTE,136,209,486,243,REVIEW
X51006555806,CASH INV NO.:,247,267,400,302,REVIEW
X51006555806,7730F710,412,265,509,299,REVIEW
X51006555806,VE0514,28,303,112,327,REVIEW
X51006555806,DATE:,324,308,379,327,REVIEW
X51006555806,30/07/2017,393,306,513,326,DATE
X51006555806,MAKASSAR FRESH MARKET SDN BHD,26,336,372,369,REVIEW
X51006555806,GROUND FLOOR,28,377,312,398,REVIEW
X51006555806,JALAN SS 15/4B,25,401,202,422,REVIEW
X51006555806,47500 SUBANG JAYA,25,422,349,445,REVIEW
X51006555806,VE05: RIDZUAN(11900),26,445,265,467,REVIEW
X51006555806,DD: 30/07/2017,255,468,416,489,DATE
X51006555806,11:45,434,467,494,487,REVIEW
X51006555806,DESCRIPTION,22,497,160,518,REVIEW
X51006555806,U.P,177,498,216,516,REVIEW
X51006555806,ISS,225,497,260,516,REVIEW
X51006555806,EXC,271,496,310,517,REVIEW
X51006555806,D,329,497,345,514,REVIEW
X51006555806,SALE,356,497,405,515,REVIEW
X51006555806,AMT(RM),425,497,509,517,REVIEW
X51006555806,O.C. WHITE,23,534,143,553,REVIEW
X51006555806,2.13,165,535,218,553,REVIEW
X51006555806,10,236,535,265,553,REVIEW
X51006555806,1,295,536,307,552,REVIEW
X51006555806,0,327,535,344,551,REVIEW
X51006555806,9,388,536,406,553,REVIEW
X51006555806,19.17,451,533,510,552,REVIEW
X51006555806,WHOLEMEAL,25,557,130,578,REVIEW
X51006555806,2.78,165,557,220,577,REVIEW
X51006555806,5,245,557,261,577,REVIEW
X51006555806,0,294,555,309,578,REVIEW
X51006555806,0,330,557,347,577,REVIEW
X51006555806,5,389,555,403,577,REVIEW
X51006555806,13.90,451,555,510,574,REVIEW
X51006555806,O.C JUMBO,24,581,132,599,REVIEW
X51006555806,2.97,163,581,217,601,REVIEW
X51006555806,5,247,580,261,601,REVIEW
X51006555806,3,295,581,309,598,REVIEW
X51006555806,0,329,581,345,598,REVIEW
X51006555806,2,388,581,402,599,REVIEW
X51006555806,5.94,457,580,511,598,REVIEW
X51006555806,TOTAL 0% SUPPLIES:,190,608,407,652,REVIEW
X51006555806,39.01,448,608,511,645,REVIEW
X51006555806,CR-CHOCL I,25,662,132,680,REVIEW
X51006555806,0.72,163,662,214,682,REVIEW
X51006555806,0,247,662,262,683,REVIEW
X51006555806,8,295,664,311,681,REVIEW
X51006555806,0,330,663,344,680,REVIEW
X51006555806,-8,378,664,402,680,REVIEW
X51006555806,-5.76,448,662,511,682,REVIEW
X51006555806,TWIG-CHOC,23,683,135,708,REVIEW
X51006555806,1.33,161,684,216,706,REVIEW
X51006555806,0,245,686,266,705,REVIEW
X51006555806,9,296,686,311,705,REVIEW
X51006555806,0,330,685,345,704,REVIEW
X51006555806,-9,380,687,405,704,REVIEW
X51006555806,-11.97,438,685,511,705,REVIEW
X51006555806,TOTAL 6% SUPPLIES (EXCL. GST):,47,716,399,757,REVIEW
X51006555806,-17.73,436,717,509,753,REVIEW
X51006555806,GST:,355,762,400,799,REVIEW
X51006555806,-1.07,449,762,509,799,REVIEW
X51006555806,TOTAL 6% SUPPLIES (INC. GST):,59,811,403,856,REVIEW
X51006555806,-18.80,439,814,511,851,REVIEW
X51006555806,TOTAL 0% SUPPLIES:,181,859,402,898,REVIEW
X51006555806,39.01,448,859,511,895,REVIEW
X51006555806,TOTAL PAYABLE:,236,911,403,952,REVIEW
X51006555806,20.21,447,913,510,947,REVIEW
X51006555806,E.&.0.E.,22,969,122,995,REVIEW
X51006555806,RECEIVED ABOVE GOODS IN GOOD ORDER CONDITION.,25,998,558,1019,REVIEW
X51006555806,THE RECIPIENT OF GARDENIA'S PRODUCTS IS,27,1021,490,1042,REVIEW
X51006555806,REQUIRED TO MAKE NECESSARY ADJUSTMENTS TO ITS,27,1045,562,1067,REVIEW
X51006555806,INPUT TAX CLAIMS,29,1068,466,1088,REVIEW
X51006555806,ADJUSTMENTS SHOWN IN THIS TAX INVOICE /,26,1090,495,1113,REVIEW
X51006555806,ADJUSTMENT NOTE,26,1114,206,1137,REVIEW
X51006555806,CUSTOMER'S COPY,193,1139,432,1164,REVIEW
X51006555806,FAX:03- 55423213,320,143,502,165,PHONE
X51006555814,GARDENIA BAKERIES (KL) SDN BHD (139386 X),35,84,592,109,REVIEW
X51006555814,LOT 3,174,110,452,131,REVIEW
X51006555814,40300 SHAH ALAM,161,131,461,155,REVIEW
X51006555814,TEL: 03- 55423228,120,155,304,178,PHONE
X51006555814,FAX:03- 55423213,317,155,506,178,PHONE
X51006555814,GST ID: 000381399040,194,178,432,199,PHONE
X51006555814,TAX INVOICE / ADJUSTMENT NOTE,134,218,487,257,REVIEW
X51006555814,CASH INV NO.: 7727F713,247,277,513,312,REVIEW
X51006555814,VE0514,28,314,113,338,REVIEW
X51006555814,DATE: 27/07/2017,322,319,513,339,DATE
X51006555814,MAKASSAR FRESH MARKET SDN BHD,26,347,375,381,REVIEW
X51006555814,GROUND FLOOR,26,386,314,412,REVIEW
X51006555814,JALAN SS 15/4B,28,410,207,434,REVIEW
X51006555814,47500 SUBANG JAYA,28,436,351,457,REVIEW
X51006555814,VE05: RIDZUAN(11900),26,456,267,477,REVIEW
X51006555814,DD: 27/07/2017,256,478,413,501,DATE
X51006555814,11:54,437,478,493,500,REVIEW
X51006555814,DES,22,508,60,528,REVIEW
X51006555814,U.P,236,509,275,525,REVIEW
X51006555814,ISS,284,508,320,527,REVIEW
X51006555814,EXC,332,508,368,526,REVIEW
X51006555814,D,388,508,406,525,REVIEW
X51006555814,SALE,414,508,462,527,REVIEW
X51006555814,AMT(RM),483,507,569,528,REVIEW
X51006555814,O.C. WHITE,22,541,142,563,REVIEW
X51006555814,2.13,222,543,275,564,REVIEW
X51006555814,6,308,544,323,563,REVIEW
X51006555814,3,354,544,368,564,REVIEW
X51006555814,0,389,543,406,564,REVIEW
X51006555814,3,447,546,463,563,REVIEW
X51006555814,6.39,518,543,570,563,REVIEW
X51006555814,WHOLEMEAL,21,565,132,586,REVIEW
X51006555814,2.78,222,568,275,587,REVIEW
X51006555814,6,306,567,322,586,REVIEW
X51006555814,3,355,567,367,586,REVIEW
X51006555814,0,389,568,405,586,REVIEW
X51006555814,3,448,568,461,587,REVIEW
X51006555814,8.34,518,567,570,585,REVIEW
X51006555814,O.C JUMBO,22,589,133,613,REVIEW
X51006555814,2.97,225,590,275,610,REVIEW
X51006555814,5,307,590,322,608,REVIEW
X51006555814,3,356,590,367,608,REVIEW
X51006555814,0,389,591,404,609,REVIEW
X51006555814,2,449,591,464,608,REVIEW
X51006555814,5.94,519,591,569,610,REVIEW
X51006555814,TOTAL 0% SUPPLIES:,190,621,400,660,REVIEW
X51006555814,20.67,449,620,512,659,REVIEW
X51006555814,DELICIA-B/SCOTCH,22,670,221,694,REVIEW
X51006555814,3.72,226,670,274,691,REVIEW
X51006555814,3,308,672,322,692,REVIEW
X51006555814,0,353,673,370,691,REVIEW
X51006555814,0,389,673,403,692,REVIEW
X51006555814,3,449,675,464,692,REVIEW
X51006555814,11.16,506,671,569,692,REVIEW
X51006555814,BUN-SBILIS,24,695,145,714,REVIEW
X51006555814,0.84,224,694,274,713,REVIEW
X51006555814,20,293,696,323,715,REVIEW
X51006555814,0,354,696,368,715,REVIEW
X51006555814,0,389,696,403,714,REVIEW
X51006555814,20,436,697,464,714,REVIEW
X51006555814,16.80,510,694,570,716,REVIEW
X51006555814,HAZEL CHOC,22,720,144,738,REVIEW
X51006555814,6.90,226,719,279,737,REVIEW
X51006555814,6,310,720,323,738,REVIEW
X51006555814,0,351,721,371,737,REVIEW
X51006555814,0,391,720,404,737,REVIEW
X51006555814,6,450,721,461,736,REVIEW
X51006555814,41.40,508,719,570,736,REVIEW
X51006555814,TOTAL 6% SUPPLIES (EXCL. GST):,47,750,400,793,REVIEW
X51006555814,69.36,449,750,511,785,REVIEW
X51006555814,GST:,354,796,401,831,REVIEW
X51006555814,4.16,460,797,512,830,REVIEW
X51006555814,TOTAL 6% SUPPLIES (INC. GST):,58,844,406,888,REVIEW
X51006555814,73.52,447,849,509,882,REVIEW
X51006555814,TOTAL 0% SUPPLIES:,186,893,402,936,REVIEW
X51006555814,20.67,447,895,510,929,REVIEW
X51006555814,TOTAL PAYABLE:,236,945,400,987,REVIEW
X51006555814,94.19,449,944,511,979,REVIEW
X51006555814,E.&.0.E.,26,1007,122,1026,REVIEW
X51006555814,RECEIVED ABOVE GOODS IN GOOD ORDER CONDITION.,25,1030,561,1054,REVIEW
X51006555814,THE RECIPIENT OF GARDENIA'S PRODUCTS IS,29,1053,490,1075,REVIEW
X51006555814,REQUIRED TO MAKE NECESSARY ADJUSTMENTS TO ITS,27,1077,563,1102,REVIEW
X51006555814,INPUT TAX CLAIMS,28,1099,469,1124,REVIEW
X51006555814,ADJUSTMENTS SHOWN IN THIS TAX INVOICE /,26,1124,493,1149,REVIEW
X51006555814,ADJUSTMENT NOTE,26,1151,211,1170,REVIEW
X51006555814,CUSTOMER'S COPY,193,1172,432,1194,REVIEW
X51006555814,TION,108,510,157,527,REVIEW
X51006555817,GARDENIA BAKERIES (KL) SDN BHD (139386 X),34,72,593,96,REVIEW
X51006555817,LOT 3,175,96,447,119,REVIEW
X51006555817,40300 SHAH ALAM,160,119,459,143,REVIEW
X51006555817,TEL: 03- 55423228,124,141,305,164,PHONE
X51006555817,FAX:03- 55423213,322,142,504,162,PHONE
X51006555817,GST ID: 000381399040,193,163,435,186,PHONE
X51006555817,TAX INVOICE / ADJUSTMENT NOTE,137,205,485,244,REVIEW
X51006555817,CASH INV NO.: 7725F714,247,266,519,300,REVIEW
X51006555817,VE0514,28,302,114,325,REVIEW
X51006555817,DATE: 25/07/2017,324,306,514,327,DATE
X51006555817,MAKASSAR FRESH MARKET SDN BHD,26,335,377,370,REVIEW
X51006555817,GROUND FLOOR,29,375,316,398,REVIEW
X51006555817,JALAN SS 15/4B,29,397,205,420,REVIEW
X51006555817,47500 SUBANG JAYA,25,422,348,442,REVIEW
X51006555817,VE05: RIDZUAN(11900),29,441,265,464,REVIEW
X51006555817,DD: 25/07/2017,254,464,413,488,DATE
X51006555817,12:16,434,464,492,486,REVIEW
X51006555817,DESCRIPTION,23,496,158,515,REVIEW
X51006555817,U.P,175,494,215,513,REVIEW
X51006555817,ISS,227,494,262,515,REVIEW
X51006555817,EXC,274,496,309,514,REVIEW
X51006555817,D,330,496,344,514,REVIEW
X51006555817,SALE,355,496,403,514,REVIEW
X51006555817,AMT(RM),423,495,510,515,REVIEW
X51006555817,O.C. WHITE,20,531,145,550,REVIEW
X51006555817,2.13,166,532,213,551,REVIEW
X51006555817,5,246,533,261,550,REVIEW
X51006555817,10,285,533,309,551,REVIEW
X51006555817,0,330,533,344,553,REVIEW
X51006555817,-5,379,533,403,550,REVIEW
X51006555817,-10.65,438,533,509,551,REVIEW
X51006555817,WHOLEMEAL,20,554,130,575,REVIEW
X51006555817,2.78,166,555,214,574,REVIEW
X51006555817,5,247,557,261,573,REVIEW
X51006555817,2,295,556,308,575,REVIEW
X51006555817,0,330,556,344,574,REVIEW
X51006555817,3,388,556,402,574,REVIEW
X51006555817,8.34,459,554,511,576,REVIEW
X51006555817,O.C JUMBO,24,574,131,599,REVIEW
X51006555817,2.97,165,579,214,597,REVIEW
X51006555817,4,246,580,262,597,REVIEW
X51006555817,0,296,580,308,596,REVIEW
X51006555817,0,331,579,343,596,REVIEW
X51006555817,4,388,581,403,598,REVIEW
X51006555817,11.88,450,579,507,598,REVIEW
X51006555817,TOTAL 0% SUPPLIES:,184,609,402,649,REVIEW
X51006555817,9.57,459,611,509,644,REVIEW
X51006555817,CR-VANILLA,21,658,143,677,REVIEW
X51006555817,0.72,161,659,213,677,REVIEW
X51006555817,10,237,660,261,675,REVIEW
X51006555817,0,292,661,309,676,REVIEW
X51006555817,0,330,661,344,676,REVIEW
X51006555817,10,379,660,402,678,REVIEW
X51006555817,7.20,459,659,508,678,REVIEW
X51006555817,CR-CORN,23,682,107,702,REVIEW
X51006555817,0.72,164,682,213,702,REVIEW
X51006555817,10,236,684,262,702,REVIEW
X51006555817,0,295,683,308,702,REVIEW
X51006555817,0,329,683,344,702,REVIEW
X51006555817,10,378,683,403,701,REVIEW
X51006555817,7.20,458,682,509,702,REVIEW
X51006555817,TOTAL 6% SUPPLIES (EXCL. GST):,42,712,400,754,REVIEW
X51006555817,14.40,446,716,510,750,REVIEW
X51006555817,GST:,352,764,399,797,REVIEW
X51006555817,0.86,457,763,509,794,REVIEW
X51006555817,TOTAL 6% SUPPLIES (INC. GST):,58,810,399,851,REVIEW
X51006555817,15.26,450,813,508,849,REVIEW
X51006555817,TOTAL 0% SUPPLIES:,186,857,398,897,REVIEW
X51006555817,9.57,458,859,509,892,REVIEW
X51006555817,TOTAL PAYABLE:,235,907,399,950,REVIEW
X51006555817,24.83,446,910,506,943,REVIEW
X51006555817,E.&.0.E.,27,970,119,989,REVIEW
X51006555817,RECEIVED ABOVE GOODS IN GOOD ORDER CONDITION.,27,993,557,1017,REVIEW
X51006555817,THE RECIPIENT OF GARDENIA'S PRODUCTS IS,25,1016,488,1041,REVIEW
X51006555817,REQUIRED TO MAKE NECESSARY ADJUSTMENTS TO ITS,25,1042,561,1064,REVIEW
X51006555817,INPUT TAX CLAIMS,27,1064,466,1086,REVIEW
X51006555817,ADJUSTMENTS SHOWN IN THIS TAX INVOICE /,23,1087,494,1110,REVIEW
X51006555817,ADJUSTMENT NOTE,27,1111,205,1132,REVIEW
X51006555817,CUSTOMER'S COPY,187,1136,429,1158,REVIEW
X51006556726,GARDENIA BAKERIES (KL) SDN BHD (139386 X),41,64,593,91,REVIEW
X51006556726,LOT 3,176,90,451,114,REVIEW
X51006556726,40300 SHAH ALAM,165,114,463,137,REVIEW
X51006556726,TEL: 03- 55423228,124,134,310,158,PHONE
X51006556726,GST ID: 000381399040,195,158,438,182,PHONE
X51006556726,TAX INVOICE / ADJUSTMENT NOTE,140,201,488,239,REVIEW
X51006556726,CASH INV NO.: 7806F710,246,259,517,294,REVIEW
X51006556726,VE0514,33,294,118,320,REVIEW
X51006556726,DATE: 06/08/2017,324,299,522,322,DATE
X51006556726,MAKASSAR FRESH MARKET SDN BHD,28,327,377,363,REVIEW
X51006556726,GROUND FLOOR,33,368,317,392,REVIEW
X51006556726,JALAN SS 15/4B,32,392,210,414,REVIEW
X51006556726,47500 SUBANG JAYA,31,414,354,438,REVIEW
X51006556726,VE05: RIDZUAN(11900),31,437,270,461,REVIEW
X51006556726,DD: 06/08/2017,258,460,417,484,DATE
X51006556726,10:49,440,462,496,484,REVIEW
X51006556726,DESCRIPTION,27,489,161,509,REVIEW
X51006556726,U.P,180,489,218,509,REVIEW
X51006556726,D,335,491,349,509,REVIEW
X51006556726,AMT(RM),427,491,513,511,REVIEW
X51006556726,O.C. WHITE,26,525,148,546,REVIEW
X51006556726,2.13,168,525,218,545,REVIEW
X51006556726,12,241,527,265,545,REVIEW
X51006556726,0,299,526,313,546,REVIEW
X51006556726,0,334,528,349,545,REVIEW
X51006556726,12,382,527,410,546,REVIEW
X51006556726,25.56,451,527,514,548,REVIEW
X51006556726,WHOLEMEAL,25,547,134,570,REVIEW
X51006556726,2.78,169,549,219,569,REVIEW
X51006556726,5,251,550,265,568,REVIEW
X51006556726,0,298,550,315,568,REVIEW
X51006556726,0,333,551,350,569,REVIEW
X51006556726,5,392,551,407,571,REVIEW
X51006556726,13.90,453,550,513,571,REVIEW
X51006556726,O.C JUMBO,27,570,136,594,REVIEW
X51006556726,2.97,168,573,219,592,REVIEW
X51006556726,5,252,573,265,592,REVIEW
X51006556726,0,298,574,314,593,REVIEW
X51006556726,0,333,574,349,593,REVIEW
X51006556726,5,392,574,406,593,REVIEW
X51006556726,14.85,454,575,514,594,REVIEW
X51006556726,TOTAL 0% SUPPLIES:,190,602,407,645,REVIEW
X51006556726,54.31,449,604,515,642,REVIEW
X51006556726,TWIG-CHOC,23,651,137,674,REVIEW
X51006556726,1.33,167,653,220,676,REVIEW
X51006556726,10,242,655,267,674,REVIEW
X51006556726,0,298,655,313,675,REVIEW
X51006556726,0,333,656,349,676,REVIEW
X51006556726,10,382,654,407,675,REVIEW
X51006556726,13.30,453,655,513,676,REVIEW
X51006556726,TOTAL 6% SUPPLIES (EXCL. GST):,46,684,405,729,REVIEW
X51006556726,13.30,451,687,513,725,REVIEW
X51006556726,GST:,355,732,406,773,REVIEW
X51006556726,0.80,462,734,517,770,REVIEW
X51006556726,TOTAL 6% SUPPLIES (INC. GST):,59,781,406,827,REVIEW
X51006556726,14.10,451,785,516,821,REVIEW
X51006556726,TOTAL 0% SUPPLIES:,189,829,409,869,REVIEW
X51006556726,54.31,451,832,517,866,REVIEW
X51006556726,TOTAL PAYABLE:,236,879,405,925,REVIEW
X51006556726,68.41,450,883,516,917,REVIEW
X51006556726,E.&.0.E.,31,942,126,965,REVIEW
X51006556726,RECEIVED ABOVE GOODS IN GOOD ORDER CONDITION.,31,967,561,990,REVIEW
X51006556726,THE RECIPIENT OF GARDENIA'S PRODUCTS IS,30,991,494,1015,REVIEW
X51006556726,REQUIRED TO MAKE NECESSARY ADJUSTMENTS TO ITS,28,1015,565,1037,REVIEW
X51006556726,INPUT TAX CLAIMS,32,1038,472,1060,REVIEW
X51006556726,ADJUSTMENTS SHOWN IN THIS TAX INVOICE /,27,1060,494,1083,REVIEW
X51006556726,ADJUSTMENT NOTE,27,1084,214,1105,REVIEW
X51006556726,CUSTOMER'S COPY,192,1110,439,1134,REVIEW
X51006556726,FAX:03- 55423213,326,136,507,158,PHONE
X51006556726,ISS,230,492,266,509,REVIEW
X51006556726,EXC,276,491,313,509,REVIEW
X51006556726,SALE,358,492,409,510,REVIEW
X51006557168,GARDENIA BAKERIES (KL) SDN BHD (139386 X),37,70,594,94,REVIEW
X51006557168,LOT 3,172,94,448,118,REVIEW
X51006557168,40300 SHAH ALAM,162,119,460,143,REVIEW
X51006557168,TEL: 03- 55423228,124,143,308,163,PHONE
X51006557168,GST ID: 000381399040,193,163,434,187,PHONE
X51006557168,TAX INVOICE / ADJUSTMENT NOTE,139,205,489,241,REVIEW
X51006557168,CASH INV NO.: 7023F713,248,265,512,299,REVIEW
X51006557168,VE0514,30,303,113,324,REVIEW
X51006557168,DATE: 23/10/2017,324,306,516,327,DATE
X51006557168,MAKASSAR FRESH MARKET SDN BHD,27,335,376,369,REVIEW
X51006557168,GROUND FLOOR,29,376,313,398,REVIEW
X51006557168,JALAN SS 15/4B,31,398,204,420,REVIEW
X51006557168,47500 SUBANG JAYA,29,422,354,443,REVIEW
X51006557168,VE05: RIDZUAN (11900),29,443,276,463,REVIEW
X51006557168,DD: 23/10/2017,257,465,415,487,DATE
X51006557168,DESCRIPTION,25,495,158,516,REVIEW
X51006557168,U.P,177,495,216,514,REVIEW
X51006557168,ISS,228,496,266,516,REVIEW
X51006557168,EXC,273,496,312,514,REVIEW
X51006557168,D,332,496,347,515,REVIEW
X51006557168,SALE,357,495,407,515,REVIEW
X51006557168,AMT(RM),424,496,511,517,REVIEW
X51006557168,O.C. WHITE,23,532,148,552,REVIEW
X51006557168,2.13,165,532,217,550,REVIEW
X51006557168,2,247,532,265,551,REVIEW
X51006557168,1,298,534,311,551,REVIEW
X51006557168,0,332,533,348,551,REVIEW
X51006557168,1,392,533,406,551,REVIEW
X51006557168,2.13,463,532,512,551,REVIEW
X51006557168,WHOLEMEAL,23,555,133,576,REVIEW
X51006557168,2.78,167,556,216,576,REVIEW
X51006557168,2,250,556,264,575,REVIEW
X51006557168,0,296,557,311,574,REVIEW
X51006557168,0,332,557,347,575,REVIEW
X51006557168,2,391,556,406,576,REVIEW
X51006557168,5.56,461,556,512,575,REVIEW
X51006557168,BONZ SAVER,24,579,146,599,REVIEW
X51006557168,2.97,166,580,217,598,REVIEW
X51006557168,3,250,580,263,599,REVIEW
X51006557168,0,295,579,311,599,REVIEW
X51006557168,0,332,580,346,598,REVIEW
X51006557168,3,390,580,404,598,REVIEW
X51006557168,8.91,461,580,512,599,REVIEW
X51006557168,TOTAL 0% SUPPLIES:,189,611,404,653,REVIEW
X51006557168,16.60,451,613,512,647,REVIEW
X51006557168,CR-CHOCLT,24,661,133,683,REVIEW
X51006557168,0.72,166,662,217,681,REVIEW
X51006557168,20,238,662,264,680,REVIEW
X51006557168,0,297,661,310,681,REVIEW
X51006557168,0,331,662,348,680,REVIEW
X51006557168,20,379,663,405,680,REVIEW
X51006557168,14.40,453,662,512,681,REVIEW
X51006557168,BUN-SBILIS,25,685,146,705,REVIEW
X51006557168,0.84,166,684,219,704,REVIEW
X51006557168,10,239,686,265,704,REVIEW
X51006557168,1,299,686,312,703,REVIEW
X51006557168,0,332,685,348,703,REVIEW
X51006557168,9,392,686,405,702,REVIEW
X51006557168,7.56,462,685,512,704,REVIEW
X51006557168,TOTAL 6% SUPPLIES (EXCL. GST):,49,716,402,757,REVIEW
X51006557168,21.96,449,717,513,749,REVIEW
X51006557168,GST:,354,763,403,797,REVIEW
X51006557168,1.31,461,764,513,797,REVIEW
X51006557168,TOTAL 6% SUPPLIES (INC. GST):,59,814,402,857,REVIEW
X51006557168,23.27,449,816,512,848,REVIEW
X51006557168,TOTAL 0% SUPPLIES:,188,862,402,903,REVIEW
X51006557168,16.60,453,863,512,896,REVIEW
X51006557168,TOTAL PAYABLE:,236,910,408,953,REVIEW
X51006557168,39.87,450,913,511,946,REVIEW
X51006557168,E.&.0.E.,29,974,122,995,REVIEW
X51006557168,RECEIVED ABOVE GOODS IN GOOD ORDER CONDITION.,30,998,559,1021,REVIEW
X51006557168,THE RECIPIENT OF GARDENIA'S PRODUCTS IS,28,1023,491,1045,REVIEW
X51006557168,REQUIRED TO MAKE NECESSARY ADJUSTMENTS TO ITS,29,1047,563,1068,REVIEW
X51006557168,INPUT TAX CLAIMS,29,1070,469,1094,REVIEW
X51006557168,ADJUSTMENTS SHOWN IN THIS TAX INVOICE /,27,1095,497,1116,REVIEW
X51006557168,ADJUSTMENT NOTE,26,1118,209,1140,REVIEW
X51006557168,CUSTOMER'S COPY,193,1144,433,1165,REVIEW
X51006557168,FAX:03- 55423213,324,142,505,163,PHONE
X51006557168,11:52,439,465,495,486,REVIEW
X51006557213,GARDENIA BAKERIES (KL) SDN BHD (139386 X),42,72,596,95,REVIEW
X51006557213,LOT 3,174,96,454,119,REVIEW
X51006557213,40300 SHAH ALAM,164,119,463,142,REVIEW
X51006557213,TEL: 03- 55423228,127,141,312,163,PHONE
X51006557213,GST ID: 000381399040,198,164,440,186,PHONE
X51006557213,TAX INVOICE / ADJUSTMENT NOTE,143,206,492,241,REVIEW
X51006557213,CASH INV NO.: 7001F710,251,266,519,300,REVIEW
X51006557213,VE0514,33,303,116,327,REVIEW
X51006557213,DATE: 01/10/2017,326,307,520,329,DATE
X51006557213,MAKASSAR FRESH MARKET SDN BHD,30,333,377,369,REVIEW
X51006557213,GROUND FLOOR,30,375,315,398,REVIEW
X51006557213,JALAN SS 15/4B,34,398,212,420,REVIEW
X51006557213,47500 SUBANG JAYA,30,421,356,444,REVIEW
X51006557213,VE05: RIDZUAN (11900),30,444,275,466,REVIEW
X51006557213,DD: 01/10/2017,257,466,419,488,DATE
X51006557213,DESCRIPTION,26,497,162,517,REVIEW
X51006557213,O.C. WHITE,28,531,148,553,REVIEW
X51006557213,WHOLEMEAL,25,555,137,577,REVIEW
X51006557213,O.C JUMBO,26,578,137,599,REVIEW
X51006557213,TOTAL 0% SUPPLIES.,192,609,404,654,REVIEW
X51006557213,35.14,451,613,515,648,REVIEW
X51006557213,CR-CHOCLT,28,661,138,683,REVIEW
X51006557213,TOTAL 6% SUPPLIES (EXCL. GST):,51,692,404,735,REVIEW
X51006557213,-3.60,451,696,515,728,REVIEW
X51006557213,GST:,358,740,405,775,REVIEW
X51006557213,-0.22,449,743,515,776,REVIEW
X51006557213,TOTAL 6% SUPPLIES (INC. GST):,60,789,405,832,REVIEW
X51006557213,-3.82,450,793,515,826,REVIEW
X51006557213,TOTAL 0% SUPPLIES:,191,837,405,879,REVIEW
X51006557213,35.14,449,838,517,873,REVIEW
X51006557213,TOTAL PAYABLE:,238,887,405,930,REVIEW
X51006557213,31.32,451,889,513,924,REVIEW
X51006557213,E.&.0.E.,29,948,123,971,REVIEW
X51006557213,RECEIVED ABOVE GOODS IN GOOD ORDER CONDITION.,30,973,561,997,REVIEW
X51006557213,THE RECIPIENT OF GARDENIA'S PRODUCTS IS,30,998,493,1023,REVIEW
X51006557213,REQUIRED TO MAKE NECESSARY ADJUSTMENTS TO ITS,28,1023,563,1045,REVIEW
X51006557213,INPUT TAX CLAIMS ON THE BASIC OF THE,30,1045,471,1067,REVIEW
X51006557213,ADJUSTMENTS SHOWN IN THIS TAX INVOICE /,31,1068,493,1091,REVIEW
X51006557213,ADJUSTMENT NOTE,28,1092,211,1114,REVIEW
X51006557213,CUSTOMER'S COPY,195,1118,433,1140,REVIEW
X51006557213,FAX:03- 55423213,324,142,511,163,PHONE
X51006557213,11:07,441,466,497,488,REVIEW
X51006557213,U.P,181,496,218,516,REVIEW
X51006557213,ISS,229,497,265,515,REVIEW
X51006557213,EXC,277,497,315,516,REVIEW
X51006557213,D,334,497,350,515,REVIEW
X51006557213,SALE,359,497,409,516,REVIEW
X51006557213,AMT(RM),428,497,514,517,REVIEW
X51006557213,2.13,169,534,220,553,REVIEW
X51006557213,4,250,533,268,552,REVIEW
X51006557213,1,300,533,315,551,REVIEW
X51006557213,0,334,533,349,553,REVIEW
X51006557213,3,393,533,408,552,REVIEW
X51006557213,6.39,464,533,515,552,REVIEW
X51006557213,2.78,169,556,219,576,REVIEW
X51006557213,5,251,556,265,576,REVIEW
X51006557213,0,298,557,315,575,REVIEW
X51006557213,0,334,556,350,575,REVIEW
X51006557213,5,393,556,407,576,REVIEW
X51006557213,13.90,454,555,516,576,REVIEW
X51006557213,2.97,168,579,220,601,REVIEW
X51006557213,5,251,579,266,598,REVIEW
X51006557213,0,298,580,315,598,REVIEW
X51006557213,0,334,579,349,599,REVIEW
X51006557213,5,392,579,408,600,REVIEW
X51006557213,14.85,453,579,513,599,REVIEW
X51006557213,0.72,168,663,219,682,REVIEW
X51006557213,0,252,662,266,682,REVIEW
X51006557213,5,298,662,314,681,REVIEW
X51006557213,0,334,663,350,682,REVIEW
X51006557213,-5,385,663,408,683,REVIEW
X51006557213,-3.60,453,663,515,683,REVIEW
X51006619709,MR. D.I.Y. (KUCHAI) SDN BHD,189,318,707,365,REVIEW
X51006619709,CO-REG:750441-W,293,370,602,415,REVIEW
X51006619709,LOT 1851-A & 1851-B,131,420,756,468,REVIEW
X51006619709,KAWASAN PERINDUSTRIAN BALAKONG,152,473,739,517,REVIEW
X51006619709,43300 SERI KEMBANGAN,172,521,740,566,REVIEW
X51006619709,(GST ID NO :000473792512),213,571,683,619,PHONE
X51006619709,(KEPONG),377,625,531,669,REVIEW
X51006619709,-TAX INVOICE-,319,676,578,714,REVIEW
X51006619709,TISSUE HOLDER Z-66#*VS,80,776,495,815,REVIEW
X51006619709,MC22-32 - 10/120,75,824,382,864,PHONE
X51006619709,9068477,77,875,215,913,REVIEW
X51006619709,HOOK 1526#,75,922,271,963,REVIEW
X51006619709,MG12/3-32/ - 36/360,75,975,440,1014,REVIEW
X51006619709,9068722,70,1023,218,1066,REVIEW
X51006619709,PLACEMAT 145#,72,1070,339,1116,REVIEW
X51006619709,IF31 - 20/300,72,1122,324,1168,REVIEW
X51006619709,9062301,75,1176,223,1214,REVIEW
X51006619709,FURNITURE S/MAT 2PCS 3243#,76,1225,570,1268,REVIEW
X51006619709,MF13-22/3 - 24/360,75,1270,423,1322,REVIEW
X51006619709,9067630,76,1328,215,1369,REVIEW
X51006619709,PARTITION 1072 10CM,76,1378,441,1420,REVIEW
X51006619709,IA12 - 12/72,78,1429,313,1466,REVIEW
X51006619709,4947989310729,78,1478,339,1516,PHONE
X51006619709,CNY DECO A002# 26CM,76,1527,441,1567,REVIEW
X51006619709,XE11-22 - 30,77,1579,312,1620,PHONE
X51006619709,8711469,78,1626,226,1667,REVIEW
X51006619709,CNY DECO A003# 21CM,75,1673,449,1722,REVIEW
X51006619709,IE21 - 60,78,1731,258,1777,REVIEW
X51006619709,8711468,70,1781,218,1820,REVIEW
X51006619709,FREE 2016 CNY RED PACKET,77,1831,529,1870,REVIEW
X51006619709,99292,70,1876,177,1919,REVIEW
X51006619709,ITEM(S) : 8,75,1971,290,2032,REVIEW
X51006619709,2 X,491,874,555,916,REVIEW
X51006619709,2 X,489,1026,555,1067,REVIEW
X51006619709,2 X,488,1180,555,1218,REVIEW
X51006619709,2 X,491,1329,550,1369,REVIEW
X51006619709,2 X,488,1481,555,1518,REVIEW
X51006619709,1 X 10.90,490,1623,662,1675,REVIEW
X51006619709,1 X,488,1782,555,1822,REVIEW
X51006619709,1 X,488,1881,554,1922,REVIEW
X51006619709,*S,790,778,834,814,REVIEW
X51006619709,*S,787,925,834,965,REVIEW
X51006619709,*S,789,1078,834,1116,REVIEW
X51006619709,*S,788,1231,836,1271,REVIEW
X51006619709,*S,788,1374,833,1423,REVIEW
X51006619709,*S,788,1530,833,1570,REVIEW
X51006619709,*S,787,1681,834,1722,REVIEW
X51006619709,*S,789,1834,833,1872,REVIEW
X51006619709,QTY(S) : 13,619,1983,831,2029,REVIEW
X51006619709,TOTAL INCL. GST@6%,71,2083,420,2122,REVIEW
X51006619709,CASH,75,2132,160,2173,REVIEW
X51006619709,CHANGE,74,2179,196,2220,REVIEW
X51006619709,GST @6% INCLUDED IN TOTAL,70,2276,554,2322,REVIEW
X51006619709,RM 57.40,673,2084,838,2119,REVIEW
X51006619709,RM 100.00,655,2133,831,2172,REVIEW
X51006619709,RM 42.60,669,2184,834,2219,REVIEW
X51006619709,RM 3.25,636,2280,777,2321,REVIEW
X51006619709,24-01-16 11:44 SH01 B003,75,2376,532,2422,PHONE
X51006619709,OPERATOR KPC - BASHUDEV NEUPANE,67,2426,661,2472,REVIEW
X51006619709,EXCHANGE ARE ALLOWED WITHIN,188,2529,700,2569,REVIEW
X51006619709,3 DAY WITH RECEIPT.,259,2580,621,2622,REVIEW
X51006619709,STRICTLY NO CASH REFUND.,220,2627,692,2672,REVIEW
X51006619709,5.30,583,876,666,912,REVIEW
X51006619709,10.60,698,876,796,914,REVIEW
X51006619709,2.30,585,1026,663,1065,REVIEW
X51006619709,4.60,714,1028,798,1065,REVIEW
X51006619709,1.90,586,1178,664,1217,REVIEW
X51006619709,3.80,713,1181,796,1219,REVIEW
X51006619709,2.50,582,1329,665,1368,REVIEW
X51006619709,5.00,714,1330,797,1367,REVIEW
X51006619709,7.30,585,1481,663,1517,REVIEW
X51006619709,14.60,696,1480,797,1519,REVIEW
X51006619709,10.90,697,1630,794,1671,REVIEW
X51006619709,7.90,582,1781,665,1820,REVIEW
X51006619709,7.90,714,1781,796,1821,REVIEW
X51006619709,0.00,582,1883,662,1923,REVIEW
X51006619709,0.00,715,1883,794,1921,REVIEW
X51006619709,T1 R000379771,580,2379,830,2419,PHONE
X51006856981,GUARDIAN HEALTH AND BEAUTY SDN BHD,31,405,659,449,REVIEW
X51006856981,LOT B-005-006,34,450,600,499,REVIEW
X51006856981,THE STARLING MALL,35,503,349,549,REVIEW
X51006856981,JALAN SS21/60,33,555,593,603,REVIEW
X51006856981,TEL: 03-7662 5789,34,608,352,651,PHONE
X51006856981,COMPANY REG #1101083-T,35,658,434,703,REVIEW
X51006856981,GST REG #000899874816,36,710,419,753,PHONE
X51006856981,RM,576,820,620,860,REVIEW
X51006856981,121066051,38,865,203,906,PHONE
X51006856981,"""""OPTICARE 500X3",218,860,512,908,REVIEW
X51006856981,^,540,864,566,882,REVIEW
X51006856981,13.78,613,864,711,910,REVIEW
X51006856981,S,739,865,765,908,REVIEW
X51006856981,SUBTOTAL,105,913,256,959,REVIEW
X51006856981,13.78,613,914,707,965,REVIEW
X51006856981,TOTAL (GST INCL),36,1015,325,1063,REVIEW
X51006856981,13.78,614,1020,713,1065,REVIEW
X51006856981,CASH,35,1066,110,1114,REVIEW
X51006856981,20.00,612,1069,710,1117,REVIEW
X51006856981,ROUNDING ADJUSTMENTS,34,1120,400,1168,REVIEW
X51006856981,0.02,634,1124,710,1168,REVIEW
X51006856981,CHANGE DUE,36,1173,222,1219,REVIEW
X51006856981,6.20,631,1176,710,1219,REVIEW
X51006856981,YOUR SAVINGS FOR TODAY,34,1269,434,1319,REVIEW
X51006856981,3.49,633,1276,708,1321,REVIEW
X51006856981,GST,35,1375,92,1418,REVIEW
X51006856981,S,36,1426,61,1467,REVIEW
X51006856981,6%,161,1425,209,1469,REVIEW
X51006856981,13.00,363,1424,459,1473,REVIEW
X51006856981,0.78,540,1426,619,1474,REVIEW
X51006856981,^,35,1476,54,1496,REVIEW
X51006856981,PROMO PRICE ITEMS,70,1478,386,1528,REVIEW
X51006856981,THANK YOU FOR SHOPPING,194,1578,604,1627,REVIEW
X51006856981,AT GUARDIAN,283,1634,496,1678,REVIEW
X51006856981,ALL AMOUNTS ARE IN RM,191,1683,585,1729,REVIEW
X51006856981,GOODS SOLD ARE NON-REFUNDABLE.,123,1735,668,1779,REVIEW
X51006856981,ALL EXCHANGES AND RETURNS INCLUDING,69,1785,713,1833,REVIEW
X51006856981,GUARDIAN BRAND PRODUCTS MUST BE MADE,70,1835,725,1880,REVIEW
X51006856981,WITHIN 7DAYS WITH ORIGINAL RECEIPTS AND,30,1883,744,1931,REVIEW
X51006856981,PRODUCT IN ORIGINAL CONDITION.,124,1932,672,1983,REVIEW
X51006856981,ST:8541 CTR 3 ID:3003 TAXINV:11612,88,1986,693,2031,REVIEW
X51006856981,20:56,230,2039,334,2083,REVIEW
X51006856981,07/07/17,414,2039,567,2083,DATE
X51006856981,RATE,145,1376,220,1422,REVIEW
X51006856981,GST EXCL,325,1378,473,1422,REVIEW
X51006856981,GST AMT,539,1378,672,1422,REVIEW
X51008030566,RESTORAN WAN SHENG,193,238,468,269,REVIEW
X51008030566,002043319-W,238,276,411,305,PHONE
X51008030566,NO.2,118,314,540,348,REVIEW
X51008030566,SEKSYEN 9,87,348,583,380,REVIEW
X51008030566,43200 CHERAS,164,386,497,416,REVIEW
X51008030566,GST REG NO: 001335787520,147,420,511,452,PHONE
X51008030566,TAX INVOICE,149,491,482,526,REVIEW
X51008030566,INV NO. : 1085405,29,567,273,595,REVIEW
X51008030566,CASHIER: THANDAR,299,566,542,600,REVIEW
X51008030566,DATE,29,602,92,634,REVIEW
X51008030566,: 09-04-2018 13:16:21,136,604,452,637,PHONE
X51008030566,DESCRIPTION,28,678,196,710,REVIEW
X51008030566,QTY,251,676,302,711,REVIEW
X51008030566,U.PRICE,359,679,470,711,REVIEW
X51008030566,TOTAL,493,678,568,710,REVIEW
X51008030566,TAX,583,678,632,710,REVIEW
X51008030566,TEH (B),28,747,134,782,REVIEW
X51008030566,1 X,241,786,287,815,REVIEW
X51008030566,2.20,373,784,442,820,REVIEW
X51008030566,2.20,502,787,578,816,REVIEW
X51008030566,SR,596,785,634,816,REVIEW
X51008030566,CHAM (B),28,820,151,855,REVIEW
X51008030566,1 X,240,859,288,889,REVIEW
X51008030566,2.20,375,858,439,887,REVIEW
X51008030566,2.20,510,860,571,888,REVIEW
X51008030566,SR,600,861,632,889,REVIEW
X51008030566,HERBAL TEA,27,894,182,925,REVIEW
X51008030566,2 X,239,930,286,962,REVIEW
X51008030566,1.70,375,933,437,961,REVIEW
X51008030566,3.40,511,931,571,960,REVIEW
X51008030566,SR,596,934,632,959,REVIEW
X51008030566,TAKE AWAY,29,965,166,1000,REVIEW
X51008030566,4 X,239,1005,287,1029,REVIEW
X51008030566,0.20,369,1000,438,1033,REVIEW
X51008030566,0.80,510,1003,570,1033,REVIEW
X51008030566,SR,599,1003,631,1035,REVIEW
X51008030566,TOTAL QTY: 8,25,1071,214,1102,REVIEW
X51008030566,TOTAL (EXCLUDING GST):,28,1109,357,1139,REVIEW
X51008030566,8.11,568,1111,628,1139,REVIEW
X51008030566,GST PAYABLE (6%):,27,1142,286,1177,REVIEW
X51008030566,0.49,570,1145,632,1176,REVIEW
X51008030566,TOTAL (INCLUSIVE OF GST):,29,1178,402,1212,REVIEW
X51008030566,8.60,567,1184,636,1211,REVIEW
X51008030566,TOTAL :,33,1214,203,1248,REVIEW
X51008030566,8.60,507,1216,628,1247,REVIEW
X51008030566,CASH :,28,1287,119,1320,REVIEW
X51008030566,8.60,567,1288,630,1320,REVIEW
X51008030566,GST SUMMARY,31,1397,196,1434,REVIEW
X51008030566,AMOUNT(RM),327,1398,480,1436,REVIEW
X51008030566,TAX(RM),521,1399,628,1436,REVIEW
X51008030566,SR,30,1437,61,1469,REVIEW
X51008030566,(@ 6%),183,1437,269,1473,REVIEW
X51008030566,8.11,416,1438,479,1471,REVIEW
X51008030566,0.49,569,1439,632,1469,REVIEW
X51008123450,SANJUNG REALITI SDN. BHD. (779763-K),46,139,426,166,REVIEW
X51008123450,(GST REGISTRATION NO.: 001751072768),51,173,427,199,PHONE
X51008123450,CAR PARK OFFICE,44,208,343,236,REVIEW
X51008123450,LABUHRAYA SPRINT,43,243,303,268,REVIEW
X51008123450,47400 PETALING JAYA,45,276,352,304,REVIEW
X51008123450,TEL.: +603 7726 2929 FAX: +603 7726 1326,46,310,472,339,PHONE
X51008123450,TAX INVOICE,196,381,314,408,REVIEW
X51008123450,TAX INVOICE NO.: 0714/0601/00601,46,449,386,474,REVIEW
X51008123450,27/06/18 10:08,227,483,376,505,DATE
X51008123450,010100 PAY PARKING TICKET,41,547,314,575,REVIEW
X51008123450,1.50 RM,356,550,432,574,REVIEW
X51008123450,27/06/18 09:49 - 27/06/18 10:08,46,583,375,611,DATE
X51008123450,LENGTH OF STAY: 0 DY. 0 HR. 19 MIN.,40,620,417,643,REVIEW
X51008123450,02472951053011038178353570??,100,651,399,679,PHONE
X51008123450,TOTAL AMOUNT,120,723,249,746,REVIEW
X51008123450,1.50 RM,355,722,429,748,REVIEW
X51008123450,ACCEPTED TOTAL,117,791,268,811,REVIEW
X51008123450,2.00 RM,352,790,430,814,REVIEW
X51008123450,CHANGE,116,821,184,846,REVIEW
X51008123450,0.50 RM,351,822,428,850,REVIEW
X51008123450,GST 0%,116,855,184,879,REVIEW
X51008123450,0.00 RM,352,858,429,881,REVIEW
X51008123450,THANK YOU,204,955,301,983,REVIEW
X51008123604,JIMART@SP3,200,277,384,310,REVIEW
X51008123604,OGN GROUP SDN BHD,170,313,412,336,REVIEW
X51008123604,ROC: 1026984-X,200,346,381,367,REVIEW
X51008123604,NO.29M,69,375,509,404,REVIEW
X51008123604,SUBANG PERDANA,105,408,475,433,REVIEW
X51008123604,013-336 3999,219,438,363,461,PHONE
X51008123604,GST REG NO: 002077622272,141,471,438,497,PHONE
X51008123604,TAXINVOICE,218,548,366,570,REVIEW
X51008123604,INVOICE NO,42,608,147,629,REVIEW
X51008123604,: SP3-01-148852,169,611,356,630,PHONE
X51008123604,DATE,44,641,92,664,REVIEW
X51008123604,: 24/06/2018 4:37:37 PM,168,641,411,664,DATE
X51008123604,CASHIER,41,672,115,693,REVIEW
X51008123604,: JIMART,168,673,244,693,REVIEW
X51008123604,DESCRIPTIOR,92,734,211,760,REVIEW
X51008123604,QTY,309,733,350,760,REVIEW
X51008123604,PRICE AMOUNT,371,733,523,757,REVIEW
X51008123604,1,43,764,54,783,REVIEW
X51008123604,SR 0809152,89,762,218,783,REVIEW
X51008123604,1,338,764,348,785,REVIEW
X51008123604,7.45,385,762,429,784,REVIEW
X51008123604,7.45,476,762,521,783,REVIEW
X51008123604,"RHOMB SCISSORS 4"" 2040",85,795,323,817,REVIEW
X51008123604,2,44,826,56,847,REVIEW
X51008123604,SR 1050901900021,90,826,286,848,PHONE
X51008123604,1,338,827,348,844,REVIEW
X51008123604,7.45,385,824,428,846,REVIEW
X51008123604,7.45,478,826,521,847,REVIEW
X51008123604,SHARPENING STONE 108#8,85,856,320,882,REVIEW
X51008123604,3,43,889,56,909,REVIEW
X51008123604,SR 9555047307540,90,889,289,909,PHONE
X51008123604,1,337,889,348,907,REVIEW
X51008123604,4.62,385,888,429,909,REVIEW
X51008123604,4.62,479,888,522,909,REVIEW
X51008123604,LAVA WATER JUG 2.25L,86,920,304,943,REVIEW
X51008123604,4,42,951,55,969,REVIEW
X51008123604,SR 24900007,90,951,229,970,REVIEW
X51008123604,12,324,950,351,971,REVIEW
X51008123604,2.74,385,951,427,972,REVIEW
X51008123604,32.88,466,950,522,971,REVIEW
X51008123604,GLASS W/FLOWER LG10001,85,982,328,1002,REVIEW
X51008123604,TOTAL ITEM DISCOUNT,27,1012,212,1032,REVIEW
X51008123604,0.00,479,1012,520,1032,REVIEW
X51008123604,TOTAL SALES INCLUSIVE GST@ 0.00%,26,1044,361,1069,REVIEW
X51008123604,52.40,469,1044,522,1066,REVIEW
X51008123604,ROUNDING ADJUSTMENT:,28,1074,233,1099,REVIEW
X51008123604,0.00,479,1075,521,1095,REVIEW
X51008123604,TOTAL :,30,1109,170,1140,REVIEW
X51008123604,52.40,424,1108,517,1139,REVIEW
X51008123604,CASH,28,1149,90,1173,REVIEW
X51008123604,53.00,468,1151,522,1171,REVIEW
X51008123604,CHANGE :,27,1184,118,1209,REVIEW
X51008123604,0.60,478,1184,521,1205,REVIEW
X51008123604,GST SUMMARY %,26,1227,204,1254,REVIEW
X51008123604,AMOUNT(RM),241,1229,365,1252,REVIEW
X51008123604,TAX(RM),438,1228,523,1252,REVIEW
X51008123604,SR,26,1261,57,1281,REVIEW
X51008123604,0.00,165,1262,209,1281,REVIEW
X51008123604,52.40,309,1262,365,1282,REVIEW
X51008123604,0.00,478,1262,521,1280,REVIEW
X51008123604,I LOVE JIMART,243,1307,339,1328,REVIEW
X51008123604,GOODS SOLD ARE NOT RETURNABLE,116,1328,466,1347,REVIEW
X51008123604,THANK YOU.PLEASE COME AGAIN.,158,1349,423,1372,REVIEW
X51008142031,ONE ONE THREE SEAFOOD RESTAURANT SDN BHD,104,386,816,425,REVIEW
X51008142031,(1120908-M),354,433,547,472,REVIEW
X51008142031,NO.1,104,474,820,514,REVIEW
X51008142031,43800 DENGKIL,248,522,669,557,REVIEW
X51008142031,(GST REG. NO : 000670224384),216,564,707,602,PHONE
X51008142031,TAX INVOICE,251,606,637,646,REVIEW
X51008142031,TABLE 38,111,653,391,690,REVIEW
X51008142031,BILL#:V001-538701,144,695,441,733,PHONE
X51008142031,ORDER#: 138803,530,700,780,733,REVIEW
X51008142031,DATE,104,740,179,773,REVIEW
X51008142031,: 22-05-2018 19:54:52,238,740,606,779,PHONE
X51008142031,CASHIER: 113 CASHIER,106,782,461,819,REVIEW
X51008142031,PAX(S):,618,786,740,823,REVIEW
X51008142031,QTY,105,873,162,912,REVIEW
X51008142031,DESCRIPTION,211,876,407,913,REVIEW
X51008142031,TOTAL TAX,655,875,817,914,REVIEW
X51008142031,1,163,964,177,995,REVIEW
X51008142031,D,566,965,587,997,REVIEW
X51008142031,32.00 SR,620,961,762,999,REVIEW
X51008142031,CHICKEN ITEM,104,1004,321,1042,REVIEW
X51008142031,1,162,1050,177,1082,REVIEW
X51008142031,D,564,1050,586,1085,REVIEW
X51008142031,4.00 SR,637,1052,760,1087,REVIEW
X51008142031,WHITE RICE,106,1092,285,1129,REVIEW
X51008142031,1,164,1137,178,1172,REVIEW
X51008142031,D,564,1137,586,1174,REVIEW
X51008142031,18.00 SR,623,1138,762,1175,REVIEW
X51008142031,VEGE ITEM (M),106,1179,334,1219,REVIEW
X51008142031,1,164,1225,179,1262,REVIEW
X51008142031,D,565,1226,585,1263,REVIEW
X51008142031,8.00 SR,636,1224,760,1262,REVIEW
X51008142031,RICE W SEAFOOD /MEAT ITEM SINGLE,103,1270,674,1311,REVIEW
X51008142031,1,163,1313,177,1350,REVIEW
X51008142031,D,564,1314,588,1348,REVIEW
X51008142031,5.00 SR,635,1312,762,1351,REVIEW
X51008142031,BEVERAGE,104,1355,248,1397,REVIEW
X51008142031,TOTAL (EXCLUDING GST):,105,1441,494,1481,REVIEW
X51008142031,67.00,724,1444,815,1479,REVIEW
X51008142031,GST PAYABLE:,105,1488,317,1523,REVIEW
X51008142031,4.02,744,1490,815,1524,REVIEW
X51008142031,TOTAL (INCLUSIVE OF GST):,106,1529,546,1571,REVIEW
X51008142031,71.02,725,1533,815,1568,REVIEW
X51008142031,ROUNDING ADJ:,104,1572,335,1613,REVIEW
X51008142031,-0.02,723,1577,815,1611,REVIEW
X51008142031,TOTAL :,106,1614,312,1654,REVIEW
X51008142031,71.00,637,1618,813,1657,REVIEW
X51008142031,CLOSED: 1,102,1702,265,1741,REVIEW
X51008142031,22-05-2018,442,1706,622,1746,PHONE
X51008142031,21:16:12,670,1708,816,1744,REVIEW
X51008142031,SERVER: 113 CASHIER,104,1748,444,1785,REVIEW
X51008142031,CASH :,105,1793,213,1825,REVIEW
X51008142031,71.00,723,1792,817,1828,REVIEW
X51008142031,GST SUMMARY,104,1877,303,1918,REVIEW
X51008142031,AMOUNT(RM),459,1879,637,1919,REVIEW
X51008142031,TAX(RM),689,1880,812,1919,REVIEW
X51008142031,SR,102,1923,143,1958,REVIEW
X51008142031,(@ 6%),285,1920,389,1963,REVIEW
X51008142031,67.00,546,1923,640,1962,REVIEW
X51008142031,4.02,743,1924,815,1959,REVIEW
X51008142031,**** THANK YOU ****,283,2056,619,2091,REVIEW
X51008142031,PLEASE COME AGAIN,316,2097,624,2138,REVIEW
X51008142031,0,796,789,817,822,REVIEW
X51008142034,MEGAH RETAIL SDN BHD,241,37,619,71,REVIEW
X51008142034,3-7,52,87,388,126,REVIEW
X51008142034,JLN PURTA DENGKIL 1,432,90,787,123,REVIEW
X51008142034,TMN PUTRA DENGKIL,262,138,581,172,REVIEW
X51008142034,43800 DENGKIL,91,187,750,222,REVIEW
X51008142034,GST REG NO. : 000936312832,186,286,679,332,PHONE
X51008142034,TAX INVOICE,323,338,528,372,REVIEW
X51008142034,03/290900,57,443,228,476,REVIEW
X51008142034,INV NO.:HQ18E09/0101,438,435,812,471,REVIEW
X51008142034,PROMOTER:00,57,491,265,523,REVIEW
X51008142034,09/05/2018,398,488,589,520,DATE
X51008142034,1:12:43 PM,626,486,814,518,REVIEW
X51008142034,ITEM CODE,62,540,229,573,REVIEW
X51008142034,QTY U/PRICE,419,539,627,578,REVIEW
X51008142034,AMT,757,537,815,569,REVIEW
X51008142034,350ML CALPIS ORIGINAL,60,639,459,673,REVIEW
X51008142034,SR-9556404118038,60,687,363,720,PHONE
X51008142034,1,421,688,438,719,REVIEW
X51008142034,2.49,549,684,626,719,REVIEW
X51008142034,2.49,739,682,812,715,REVIEW
X51008142034,500ML COKE,61,734,249,769,REVIEW
X51008142034,SR-9555589200392,61,786,363,819,PHONE
X51008142034,1,421,786,438,818,REVIEW
X51008142034,2.20,551,783,627,816,REVIEW
X51008142034,2.20,738,783,817,816,REVIEW
X51008142034,SUB TOTAL : RM,362,884,627,916,REVIEW
X51008142034,4.69,741,884,815,916,REVIEW
X51008142034,ROUNDING ADJ : RM,309,933,626,975,REVIEW
X51008142034,0.01,740,935,814,965,REVIEW
X51008142034,TOTAL SALES INCLUSIVE GST : RM,63,1032,626,1064,REVIEW
X51008142034,4.70,740,1032,816,1065,REVIEW
X51008142034,CASH : RM,460,1082,627,1114,REVIEW
X51008142034,5.00,737,1081,816,1111,REVIEW
X51008142034,CHANGE : RM,421,1178,627,1219,REVIEW
X51008142034,0.30,740,1178,816,1212,REVIEW
X51008142034,GST SUMMARY,61,1276,269,1314,REVIEW
X51008142034,AMOUNT,364,1277,478,1307,REVIEW
X51008142034,GST AMT,606,1276,741,1309,REVIEW
X51008142034,SR@6.00%,59,1324,212,1357,REVIEW
X51008142034,4.43,403,1327,476,1359,REVIEW
X51008142034,0.26,663,1329,742,1358,REVIEW
X51008142034,ZR@0.00%,60,1374,213,1409,REVIEW
X51008142034,0.00,402,1377,477,1409,REVIEW
X51008142034,0.00,668,1377,737,1408,REVIEW
X51008142034,NO. OF ITEM : 2,57,1471,343,1506,REVIEW
X51008142034,TOTAL QTY. : 2,403,1472,664,1513,REVIEW
X51008142034,PRINTEDBY : 290900,59,1521,401,1561,REVIEW
X51008142034,GOODS SOLD ARE NOT RETURNABLE,153,1620,700,1654,REVIEW
X51008142034,THANK YOU,174,1667,700,1707,REVIEW
X51008142060,KEDAI PAPAN YEW CHUAN,161,254,758,298,REVIEW
X51008142060,(0005583085-K),336,298,587,332,PHONE
X51008142060,LOT 276 JALAN BANTING,255,344,663,381,REVIEW
X51008142060,43800 DENGKIL,227,394,700,428,REVIEW
X51008142060,TEL : 03-87686092,141,465,438,500,PHONE
X51008142060,FAX : 03-87686092,480,470,774,505,PHONE
X51008142060,GST ID : 000781500416,272,518,643,552,PHONE
X51008142060,TAX INVOICE,339,576,575,611,REVIEW
X51008142060,BILL TO :,43,619,154,652,REVIEW
X51008142060,SUCI ALAM JAYA TRANSPORT,42,671,555,706,REVIEW
X51008142060,NO 1 JALAN AMAN 2,43,715,373,749,REVIEW
X51008142060,TAMAN DESA 43800,42,756,369,790,REVIEW
X51008142060,DENGKIL SELANGOR,43,806,389,843,REVIEW
X51008142060,017-6057770,41,851,250,886,PHONE
X51008142060,DOC NO.,44,900,166,930,REVIEW
X51008142060,:,251,902,261,930,REVIEW
X51008142060,CS00013125,281,899,484,931,REVIEW
X51008142060,DATE: 26/05/2018,598,903,873,940,DATE
X51008142060,CASHIER,41,948,164,981,REVIEW
X51008142060,:,256,956,265,981,REVIEW
X51008142060,USER,286,950,383,982,REVIEW
X51008142060,TIME: 11:22:00,593,952,835,984,REVIEW
X51008142060,SALESPERSON,42,996,231,1037,REVIEW
X51008142060,:,250,1007,265,1037,REVIEW
X51008142060,REF.:,603,1002,681,1035,REVIEW
X51008142060,ITEM,39,1104,105,1133,REVIEW
X51008142060,QTY,285,1108,336,1138,REVIEW
X51008142060,S/PRICE,381,1105,483,1136,REVIEW
X51008142060,(GST),524,1071,613,1108,REVIEW
X51008142060,(GST),698,1074,781,1109,REVIEW
X51008142060,S/PRICE,520,1105,618,1137,REVIEW
X51008142060,AMOUNT,672,1108,783,1140,REVIEW
X51008142060,TAX,827,1111,880,1140,REVIEW
X51008142060,100588,46,1146,141,1173,REVIEW
X51008142060,SILING PRIMP 1X9 (B),43,1191,350,1226,REVIEW
X51008142060,5,298,1146,320,1176,REVIEW
X51008142060,23.00,396,1148,473,1176,REVIEW
X51008142060,24.38,530,1147,607,1181,REVIEW
X51008142060,121.90,692,1152,786,1180,REVIEW
X51008142060,SR,839,1152,881,1181,REVIEW
X51008142060,TOTAL QTY:,79,1242,225,1280,REVIEW
X51008142060,5,294,1245,318,1272,REVIEW
X51008142060,121.90,683,1249,787,1279,REVIEW
X51008142060,TOTAL SALES (EXCLUDING GST),162,1319,581,1365,REVIEW
X51008142060,:,599,1326,613,1357,REVIEW
X51008142060,115.00,685,1328,789,1358,REVIEW
X51008142060,DISCOUNT,447,1383,585,1414,REVIEW
X51008142060,:,598,1389,614,1412,REVIEW
X51008142060,0.00,716,1387,787,1416,REVIEW
X51008142060,TOTAL GST,429,1440,584,1472,REVIEW
X51008142060,:,602,1447,615,1474,REVIEW
X51008142060,6.90,720,1445,789,1475,REVIEW
X51008142060,ROUNDING,437,1494,580,1535,REVIEW
X51008142060,:,601,1504,614,1529,REVIEW
X51008142060,0.00,719,1499,788,1526,REVIEW
X51008142060,TOTAL SALES (INCLUSIVE OF GST),95,1552,583,1595,REVIEW
X51008142060,:,604,1565,614,1589,REVIEW
X51008142060,121.90,683,1558,788,1589,REVIEW
X51008142060,CASH,485,1613,580,1648,REVIEW
X51008142060,:,602,1622,617,1652,REVIEW
X51008142060,121.90,680,1617,790,1647,REVIEW
X51008142060,CHANGE,453,1657,581,1700,REVIEW
X51008142060,:,598,1668,617,1690,REVIEW
X51008142060,0.00,717,1661,787,1693,REVIEW
X51008142060,GST SUMMARY,99,1760,358,1791,REVIEW
X51008142060,TAX CODE,105,1815,258,1845,REVIEW
X51008142060,%,355,1814,385,1847,REVIEW
X51008142060,AMT (RM),473,1818,625,1851,REVIEW
X51008142060,TAX (RM),694,1816,842,1853,REVIEW
X51008142060,SR,104,1855,158,1889,REVIEW
X51008142060,6,359,1860,378,1887,REVIEW
X51008142060,115.00,520,1863,625,1892,REVIEW
X51008142060,6.90,773,1863,842,1894,REVIEW
X51008142060,TOTAL :,295,1905,401,1943,REVIEW
X51008142060,115.00,511,1907,624,1940,REVIEW
X51008142060,6.90,771,1912,843,1941,REVIEW
X51008142060,GOODS SOLD ARE NOT RETURNABLE,88,1992,826,2029,REVIEW
X51008142060,** RE-PRINT **,314,2047,602,2086,REVIEW
X51008164998,ONE ONE THREE SEAFOOD RESTAURANT SDN BHD,87,341,694,377,REVIEW
X51008164998,(1120908-M),301,373,464,418,REVIEW
X51008164998,NO.1,92,416,697,455,REVIEW
X51008164998,43800 DENGKIL,210,453,572,492,REVIEW
X51008164998,(GST REG. NO : 000670224384),182,492,603,532,PHONE
X51008164998,TAX INVOICE,211,528,538,564,REVIEW
X51008164998,TABLE 37,88,565,327,601,REVIEW
X51008164998,BILL#:V001-540835,118,601,379,640,PHONE
X51008164998,ORDER#: 140933,450,607,661,643,REVIEW
X51008164998,DATE,88,643,152,672,REVIEW
X51008164998,: 20-06-2018 21:36:11,194,646,511,674,PHONE
X51008164998,CASHIER: 113 CASHIER,90,681,399,712,REVIEW
X51008164998,PAX(S):,521,675,631,718,REVIEW
X51008164998,0,675,683,698,714,REVIEW
X51008164998,QTY,81,751,140,791,REVIEW
X51008164998,DESCRIPTION,178,754,350,790,REVIEW
X51008164998,TOTAL TAX,556,753,697,798,REVIEW
X51008164998,1,137,830,156,859,REVIEW
X51008164998,D,475,833,502,864,REVIEW
X51008164998,30.00 SR,526,827,650,867,REVIEW
X51008164998,FISH ITEM,84,866,228,906,REVIEW
X51008164998,1,129,908,152,937,REVIEW
X51008164998,D,478,910,501,939,REVIEW
X51008164998,5.00 SR,535,908,648,945,REVIEW
X51008164998,BEVERAGE,88,944,212,981,REVIEW
X51008164998,1,135,982,158,1016,REVIEW
X51008164998,D,478,987,504,1016,REVIEW
X51008164998,3.00 SR,534,979,650,1018,REVIEW
X51008164998,NOODLE ITEM SINGLE,87,1015,362,1055,REVIEW
X51008164998,TOTAL (EXCLUDING GST):,87,1086,416,1126,REVIEW
X51008164998,38.00,610,1091,695,1127,REVIEW
X51008164998,TOTAL (INCLUSIVE OF GST):,87,1130,466,1163,REVIEW
X51008164998,38.00,618,1130,691,1164,REVIEW
X51008164998,TOTAL:,88,1164,260,1200,REVIEW
X51008164998,38.00,542,1167,688,1198,REVIEW
X51008164998,CLOSED: 1,81,1237,228,1274,REVIEW
X51008164998,20-06-2018,374,1242,528,1273,PHONE
X51008164998,22:39:39,568,1243,692,1276,REVIEW
X51008164998,SERVER: 113 CASHIER,82,1277,380,1313,REVIEW
X51008164998,CASH :,84,1311,176,1345,REVIEW
X51008164998,GST SUMMARY,85,1386,253,1423,REVIEW
X51008164998,AMOUNT(RM),388,1386,539,1428,REVIEW
X51008164998,TAX(RM),585,1389,691,1425,REVIEW
X51008164998,SR,87,1425,127,1464,REVIEW
X51008164998,(@ 0%),242,1423,329,1462,REVIEW
X51008164998,38.00,469,1423,542,1459,REVIEW
X51008164998,0.00,624,1428,702,1457,REVIEW
X51008164998,**** THANK YOU ****,233,1537,531,1573,REVIEW
X51008164998,PLEASE COME AGAIN,261,1569,534,1606,REVIEW
X51008164998,38.00,610,1316,692,1349,REVIEW
X51009453804,3180303,18,17,132,41,REVIEW
X51009453804,LIAN HING STATIONERY SDN BHD,154,134,471,154,REVIEW
X51009453804,(162761-M),262,158,362,179,REVIEW
X51009453804,NO.32 & 33,133,182,491,201,REVIEW
X51009453804,TAMAN SERDANG RAYA,195,203,430,223,REVIEW
X51009453804,43300 SERI KEMBANGAN,132,225,489,247,REVIEW
X51009453804,DARUL EHSAN,245,250,383,268,REVIEW
X51009453804,GST ID : 002139201536,188,274,438,296,PHONE
X51009453804,TAX INVOICE,251,308,373,330,REVIEW
X51009453804,27/03/2018,115,337,212,355,DATE
X51009453804,NO : CS-20243,369,335,502,356,REVIEW
X51009453804,QTY,379,382,410,403,REVIEW
X51009453804,TAX,419,382,454,403,REVIEW
X51009453804,RM,493,383,525,403,REVIEW
X51009453804,F/CASTELL 187057- 75 TACK-LT,110,405,348,423,PHONE
X51009453804,2,393,405,404,423,REVIEW
X51009453804,SR,425,405,454,423,REVIEW
X51009453804,12.00,477,406,525,424,REVIEW
X51009453804,75G- WHITE (NEW) @ 5.6600,109,427,344,450,REVIEW
X51009453804,TOTAL AMT INCL. GST @ 6% :,127,475,373,497,REVIEW
X51009453804,12.00,456,475,503,494,REVIEW
X51009453804,ROUNDING ADJUSTMENT :,179,510,373,529,REVIEW
X51009453804,TOTAL AMT PAYABLE :,199,541,374,562,REVIEW
X51009453804,12.00,451,542,502,559,REVIEW
X51009453804,PAID AMOUNT :,253,574,374,593,REVIEW
X51009453804,20.00,454,575,503,593,REVIEW
X51009453804,CHANGE :,290,607,373,629,REVIEW
X51009453804,8.00,464,610,501,627,REVIEW
X51009453804,TOTAL QTY TENDER :,212,642,373,664,REVIEW
X51009453804,2,490,641,502,660,REVIEW
X51009453804,GST SUMMARY,127,692,254,715,REVIEW
X51009453804,AMOUNT,288,691,359,710,REVIEW
X51009453804,TAX,443,691,479,710,REVIEW
X51009453804,(RM),314,713,357,735,REVIEW
X51009453804,(RM),433,712,478,734,REVIEW
X51009453804,SR @ A,125,747,197,766,REVIEW
X51009453804,11.32,318,745,366,763,REVIEW
X51009453804,0.68,437,745,478,762,REVIEW
X51009453804,TOTAL,124,772,170,790,REVIEW
X51009453804,11.32,318,773,366,790,REVIEW
X51009453804,0.68,439,772,478,789,REVIEW
X51009453804,THANK YOU,242,810,362,828,REVIEW
X51009453804,FOR ANY ENQUIRY,159,837,461,853,REVIEW
X51005288570,3180301,59,30,174,54,REVIEW
X51005288570,SECURE PARKING,82,135,274,158,REVIEW
X51005288570,CORPORATION S/B,82,166,290,188,REVIEW
X51005288570,RIVERWALK VILLAGE,81,196,316,222,REVIEW
X51005288570,BATU 3,82,227,330,252,REVIEW
X51005288570,51200 KL.,82,257,202,278,REVIEW
X51005288570,GSTNO.000296652800,82,286,331,309,PHONE
X51005288570,TEL NO: 1300881698,82,317,330,339,PHONE
X51005288570,RECEIPT,82,347,178,370,REVIEW
X51005288570,C13,247,348,289,370,REVIEW
X51005288570,RECEIPT NUMBER:,82,410,286,432,REVIEW
X51005288570,K0131800235697,82,440,276,463,PHONE
X51005288570,ENTRY TIME :,84,502,233,522,REVIEW
X51005288570,23.03.18,83,531,196,554,REVIEW
X51005288570,14:59,267,531,332,552,REVIEW
X51005288570,EXIT TIME:,84,560,219,583,REVIEW
X51005288570,23.03.18,83,590,195,612,REVIEW
X51005288570,15:27,266,590,332,612,REVIEW
X51005288570,PARK-DUR.: D:HH:MM,83,621,334,644,REVIEW
X51005288570,0:00:28,235,651,333,673,REVIEW
X51005288570,KIND OF PAYMENT:,83,712,302,736,REVIEW
X51005288570,CASH,84,744,140,766,REVIEW
X51005288570,PARKING FEE,84,775,237,799,REVIEW
X51005288570,RM,305,775,335,797,REVIEW
X51005288570,0.94,277,802,332,825,REVIEW
X51005288570,ADD GST,83,831,182,853,REVIEW
X51005288570,RM,304,833,335,853,REVIEW
X51005288570,0.06,277,860,332,883,REVIEW
X51005288570,*AMT,84,891,140,913,REVIEW
X51005288570,RM,306,891,334,911,REVIEW
X51005288570,1.00,281,921,334,942,REVIEW
X51005288570,*RATE INCL. 6% GST,84,951,334,973,REVIEW
X51005288570,THANK YOU FOR YOUR,84,1010,334,1033,REVIEW
X51005288570,VISIT,166,1041,237,1062,REVIEW
X51005663323,KOH SENG HARDWARE,111,301,760,350,REVIEW
X51005663323,1502665-P,353,350,526,387,REVIEW
X51005663323,NO. 939,258,388,619,429,REVIEW
X51005663323,JALAN IPOH,332,423,544,462,REVIEW
X51005663323,51200 KUALA LUMPUR.,262,462,619,501,REVIEW
X51005663323,TEL: 03-62504769 FAX: 03-62504769,124,497,749,538,PHONE
X51005663323,GST NO: 001117650944,247,536,635,577,PHONE
X51005663323,TAX INVOICE,58,647,270,688,REVIEW
X51005663323,CASH,56,719,141,762,REVIEW
X51005663323,RECEIPT #: CS00042153 DATE: 04/12/2017,54,798,777,839,DATE
X51005663323,CASHIER : USER,56,835,326,880,REVIEW
X51005663323,ITEM,56,915,141,952,REVIEW
X51005663323,QTY,396,915,454,952,REVIEW
X51005663323,U/P,538,915,608,956,REVIEW
X51005663323,AMOUNT,660,917,778,956,REVIEW
X51005663323,3751,54,990,136,1029,REVIEW
X51005663323,2,388,988,427,1029,REVIEW
X51005663323,424.00,482,990,606,1027,REVIEW
X51005663323,848.00 S,654,992,809,1029,REVIEW
X51005663323,SR:EXTENSION LADDER 12' X 12',54,1025,600,1066,REVIEW
X51005663323,TOTAL QUANTITY,54,1099,324,1140,REVIEW
X51005663323,2,524,1105,553,1140,REVIEW
X51005663323,DISC,456,1251,538,1290,REVIEW
X51005663323,0.00,736,1249,816,1288,REVIEW
X51005663323,GST,563,1291,635,1322,REVIEW
X51005663323,48.00,717,1291,816,1324,REVIEW
X51005663323,ROUNDING,449,1326,608,1365,REVIEW
X51005663323,0.00,738,1330,818,1363,REVIEW
X51005663323,TOTAL,107,1365,303,1400,REVIEW
X51005663323,848.00,596,1363,825,1406,REVIEW
X51005663323,CASH,103,1402,264,1445,REVIEW
X51005663323,848.00,592,1406,817,1439,REVIEW
X51005663323,CHANGE,101,1443,332,1482,REVIEW
X51005663323,0.00,670,1445,820,1482,REVIEW
X51005663323,GST SUMMARY,606,1554,816,1595,REVIEW
X51005663323,CODE,78,1627,165,1664,REVIEW
X51005663323,AMOUNT,377,1629,497,1668,REVIEW
X51005663323,%,581,1631,616,1666,REVIEW
X51005663323,TAX/AMT,682,1629,818,1672,REVIEW
X51005663323,SR,78,1701,130,1742,REVIEW
X51005663323,800.00,377,1707,497,1740,REVIEW
X51005663323,6,581,1707,616,1740,REVIEW
X51005663323,48.00,717,1705,818,1742,REVIEW
X51005663323,TAX TOTAL:,437,1814,629,1851,REVIEW
X51005663323,48.00,713,1810,818,1855,REVIEW
X51005663323,GOODS SOLD ARE NOT RETURNABLE,150,2037,721,2078,REVIEW
X51005663323,THANK YOU.,342,2072,532,2113,REVIEW
X51005675104,SYARIKAT PERNIAGAAN GIN KEE,86,208,840,257,REVIEW
X51005675104,(81109-A),380,266,541,313,REVIEW
X51005675104,NO 290,238,318,685,357,REVIEW
X51005675104,SETAPAK,376,359,548,404,REVIEW
X51005675104,53200,264,412,663,451,REVIEW
X51005675104,TEL : 03-40210276,311,453,618,492,PHONE
X51005675104,GST ID : 000750673920,279,517,655,551,PHONE
X51005675104,SIMPLIFIED TAX INVOICE,228,565,694,604,REVIEW
X51005675104,CASH,39,638,144,677,REVIEW
X51005675104,DOC NO,45,698,170,734,REVIEW
X51005675104,GOODS SOLD ARE NOT RETURNABLE,91,1779,823,1826,REVIEW
X51005675104,: CS00012944,255,691,510,726,REVIEW
X51005675104,DATE: 25/01/2018,553,685,842,735,DATE
X51005675104,CASHIER,41,745,172,784,REVIEW
X51005675104,10.80,729,1688,826,1723,REVIEW
X51005675104,: USER,264,748,399,783,REVIEW
X51005675104,TIME: 14:29:00,556,735,814,782,REVIEW
X51005675104,SALESPERSON:,44,795,283,830,REVIEW
X51005675104,180.00,497,1685,610,1732,REVIEW
X51005675104,REF. :,558,788,646,831,REVIEW
X51005675104,ITEM,41,882,116,918,REVIEW
X51005675104,QTY,344,880,408,921,REVIEW
X51005675104,S/PRICE,466,878,586,919,REVIEW
X51005675104,AMOUNT,629,881,769,920,REVIEW
X51005675104,TAX,801,880,865,919,REVIEW
X51005675104,1007,45,930,129,966,REVIEW
X51005675104,3,356,927,388,961,REVIEW
X51005675104,63.60,474,932,575,968,REVIEW
X51005675104,190.80,659,927,766,966,REVIEW
X51005675104,SR,803,930,859,964,REVIEW
X51005675104,12MM 4/8B PLYWOOD,47,975,406,1014,REVIEW
X51005675104,TOTAL QTY:,131,1028,281,1069,REVIEW
X51005675104,3,356,1028,388,1058,REVIEW
X51005675104,190.80,659,1024,771,1056,REVIEW
X51005675104,TOTAL SALES (EXCLUDING GST) :,129,1099,597,1133,REVIEW
X51005675104,180.00,657,1095,766,1129,REVIEW
X51005675104,DISCOUNT :,421,1146,591,1185,REVIEW
X51005675104,0.00,685,1149,764,1183,REVIEW
X51005675104,TOTAL GST :,399,1207,594,1235,REVIEW
X51005675104,10.80,678,1204,762,1240,REVIEW
X51005675104,ROUNDING :,412,1254,590,1295,REVIEW
X51005675104,0.00,691,1258,762,1292,REVIEW
X51005675104,TOTAL SALES (INCLUSIVE OF GST) :,69,1318,591,1359,REVIEW
X51005675104,190.80,655,1320,771,1352,REVIEW
X51005675104,CASH :,459,1378,594,1417,REVIEW
X51005675104,190.80,657,1378,769,1414,REVIEW
X51005675104,CHANGE :,425,1428,597,1471,REVIEW
X51005675104,0.00,691,1426,766,1465,REVIEW
X51005675104,GST SUMMARY,103,1522,386,1561,REVIEW
X51005675104,TAX CODE,112,1587,275,1626,REVIEW
X51005675104,%,350,1582,391,1623,REVIEW
X51005675104,AMT(RM),463,1587,613,1621,REVIEW
X51005675104,TAX(RM),676,1584,824,1623,REVIEW
X51005675104,SR,116,1627,185,1670,REVIEW
X51005675104,6,348,1632,391,1664,REVIEW
X51005675104,180.00,494,1630,623,1669,REVIEW
X51005675104,10.80,728,1627,829,1668,REVIEW
X51005675104,TOTAL :,296,1688,414,1731,REVIEW
X51006008090,POPULAR BOOK,134,81,560,128,REVIEW
X51006008090,CO. (M) SDN BHD,100,139,629,199,REVIEW
X51006008090,(CO. NO. 113825-W),188,203,503,233,REVIEW
X51006008090,(GST REG NO. 001492992000),118,243,576,275,PHONE
X51006008090,NO 8,41,283,650,314,REVIEW
X51006008090,56000 KUALA LUMPUR,94,322,593,354,REVIEW
X51006008090,EMPIRE SHOPPING GALLERY,129,362,543,392,REVIEW
X51006008090,TEL : 03-56319320,201,443,503,470,PHONE
X51006008090,05/03/18 13:56,23,523,274,553,DATE
X51006008090,HANUM,24,566,113,596,REVIEW
X51006008090,SLIP NO.: 1020313836,328,521,684,553,PHONE
X51006008090,TRANS: 261486,380,565,611,595,REVIEW
X51006008090,MEMBER CARD NO: 1001016668849,60,644,576,673,PHONE
X51006008090,CARD EXPIRY: 31/05/18,115,683,486,713,DATE
X51006008090,DESCRIPTION,26,764,218,792,REVIEW
X51006008090,AMOUNT,522,765,627,792,REVIEW
X51006008090,NO PLASTIC BAG CAMPAI,28,843,396,873,REVIEW
X51006008090,SPRING ISSUE 20% REBA,24,883,397,913,REVIEW
X51006008090,PB 2D R/FILE A4 40MM,28,963,380,991,REVIEW
X51006008090,2PC @ 7.99,79,1003,256,1031,REVIEW
X51006008090,STAT-BUY 2@RM 13,46,1043,330,1070,REVIEW
X51006008090,PB 1H SHRP PB8172-GY,30,1120,383,1148,REVIEW
X51006008090,MEMBER DISCOUNT,48,1159,310,1189,REVIEW
X51006008090,PLASTIC RULER 20CM -,29,1198,380,1228,REVIEW
X51006008090,MEMBER DISCOUNT,45,1239,309,1265,REVIEW
X51006008090,PB SHT/P 11H A4 50'S,28,1276,379,1307,REVIEW
X51006008090,MEMBER DISCOUNT,42,1317,307,1345,REVIEW
X51006008090,0.20 T,577,841,683,872,REVIEW
X51006008090,15.98 T,560,1002,684,1031,REVIEW
X51006008090,-2.98,560,1042,647,1070,REVIEW
X51006008090,1.50 T,580,1120,684,1146,REVIEW
X51006008090,-0.15,559,1158,646,1187,REVIEW
X51006008090,0.80 T,577,1195,683,1228,REVIEW
X51006008090,-0.08,560,1237,647,1265,REVIEW
X51006008090,16.90 T,560,1278,683,1306,REVIEW
X51006008090,-1.69,559,1317,647,1345,REVIEW
X51006008090,TOTAL RM INCL. OF GST,24,1395,399,1428,REVIEW
X51006008090,ROUNDING ADJ,23,1436,236,1466,REVIEW
X51006008090,TOTAL RM,23,1477,167,1507,REVIEW
X51006008090,CASH,24,1517,95,1545,REVIEW
X51006008090,CHANGE,24,1557,134,1585,REVIEW
X51006008090,30.48,559,1397,646,1425,REVIEW
X51006008090,0.02,575,1435,646,1464,REVIEW
X51006008090,30.50,559,1477,648,1504,REVIEW
X51006008090,-50.50,540,1517,646,1545,REVIEW
X51006008090,20.00,557,1556,648,1586,REVIEW
X51006008090,ITEM COUNT,27,1637,201,1665,REVIEW
X51006008090,GST SUMMARY,21,1677,217,1709,REVIEW
X51006008090,T @ 6%,21,1717,130,1745,REVIEW
X51006008090,Z @ 0%,23,1758,129,1787,REVIEW
X51006008090,AMOUNT (RM),251,1675,447,1706,REVIEW
X51006008090,28.75,359,1717,450,1745,REVIEW
X51006008090,0.00,376,1757,451,1786,REVIEW
X51006008090,7,630,1636,648,1668,REVIEW
X51006008090,TAX (RM),502,1677,643,1707,REVIEW
X51006008090,1.73,578,1717,648,1745,REVIEW
X51006008090,0.00,574,1757,646,1785,REVIEW
X51006008090,TOTAL SAVINGS,24,1837,255,1869,REVIEW
X51006008090,-4.90,559,1837,647,1867,REVIEW
X51006008090,BE A POPULAR CARD MEMBER,128,1918,558,1946,REVIEW
X51006008090,AND ENJOY SPECIAL DISCOUNTS,110,1959,594,1989,REVIEW
X51006008090,THANK YOU. PLEASE COME AGAIN.,91,2000,603,2028,REVIEW
X51006008090,WWW.POPULAR.COM.MY,183,2040,502,2070,REVIEW
X51006008090,BUY CHINESE BOOKS ONLINE,129,2080,557,2110,REVIEW
X51006008090,WWW.POPULARONLINE.COM.MY,127,2118,560,2151,REVIEW
X51006328345,KING'S CONFECTIONERY S/B 273500-U (KJ1),29,220,616,258,REVIEW
X51006328345,NO. 20-A1,29,258,574,295,REVIEW
X51006328345,473,29,303,72,330,REVIEW
X51006328345,PETALING JAYA,119,304,316,332,REVIEW
X51006328345,SELANGOR D.E.,32,343,224,373,REVIEW
X51006328345,TEL/FAX :- 03 - 78800732,29,381,390,411,PHONE
X51006328345,TEL:0122144371,419,376,633,408,PHONE
X51006328345,(GST ID : 000294060032),35,421,375,452,PHONE
X51006328345,TAX INVOICE,138,461,534,489,REVIEW
X51006328345,INV NO :KJ130661528,35,500,317,530,PHONE
X51006328345,DATE:23/02/17 10:53,347,496,637,528,DATE
X51006328345,CASHIER:FW1254,32,539,241,571,REVIEW
X51006328345,CTR :01,342,536,451,570,REVIEW
X51006328345,CODE,47,618,109,649,REVIEW
X51006328345,DESC,179,622,242,649,REVIEW
X51006328345,QTY,316,618,361,656,REVIEW
X51006328345,RM,404,618,441,648,REVIEW
X51006328345,D%,464,616,498,645,REVIEW
X51006328345,AMT,539,616,589,648,REVIEW
X51006328345,181010 FRENCH LO,50,699,291,728,REVIEW
X51006328345,3,314,698,334,728,REVIEW
X51006328345,2.40,377,698,438,727,REVIEW
X51006328345,0,467,696,486,725,REVIEW
X51006328345,7.20 S,543,694,635,726,REVIEW
X51006328345,QTY,182,777,230,812,REVIEW
X51006328345,3,316,777,335,806,REVIEW
X51006328345,7.20,539,774,606,806,REVIEW
X51006328345,ROUNDING ADJ,303,817,486,851,REVIEW
X51006328345,0.00,543,814,607,843,REVIEW
X51006328345,DUE,303,895,351,925,REVIEW
X51006328345,7.20,546,893,608,922,REVIEW
X51006328345,PAY,302,934,350,967,REVIEW
X51006328345,10.00,529,933,607,963,REVIEW
X51006328345,CHANGE,303,1012,398,1046,REVIEW
X51006328345,2.80,544,1012,609,1040,REVIEW
X51006328345,(TOTAL INCLUDED GST @ 6% : 0.41),100,1090,590,1122,REVIEW
X51006328345,GOODS SOLD NOT RETURNABLE/EXCHANGEABLE!,38,1130,624,1160,REVIEW
X51006328345,TERIMA KASIH SILA DATANG LAGI!TQ,36,1169,517,1200,REVIEW
X51006328345,TASTY BAKING HEALTY NATION!!,37,1208,457,1240,REVIEW
X51006328345,==VISIT US ONLINE AT WWW.KINGS.COM.MY==,35,1247,626,1284,REVIEW
X51006387931,AMANO MALAYSIA SDN BHD (682288-V),10,213,475,248,REVIEW
X51006387931,12 JALAN PENGACARA U1/48,65,250,404,281,REVIEW
X51006387931,TEMASYA INDUSTRIAL PARK,64,284,390,312,REVIEW
X51006387931,40150 SHAH ALAM SELANGOR,67,317,405,346,REVIEW
X51006387931,TEL: 03-55695002/5003,77,352,377,377,PHONE
X51006387931,(GST ID: 001137704960),81,383,389,412,PHONE
X51006387931,TAX INVOICE,94,483,405,510,REVIEW
X51006387931,P/S #02,9,547,108,574,REVIEW
X51006387931,A,134,551,150,576,REVIEW
X51006387931,INV-NO.0002300417000148,165,552,491,576,PHONE
X51006387931,T/D #11,9,580,106,605,REVIEW
X51006387931,TICKET NO 029886,260,585,490,609,REVIEW
X51006387931,ENTRY TIME,8,613,149,642,REVIEW
X51006387931,PAID TIME,8,647,135,675,REVIEW
X51006387931,30/04/2017 (SUN) 20:35,178,617,491,643,DATE
X51006387931,30/04/2017 (SUN) 23:59,173,649,491,675,DATE
X51006387931,THANK YOU,205,978,334,1003,REVIEW
X51006387931,INCLUSIVE 6% GST,165,1009,389,1033,REVIEW
X51006387931,PARKING TIME,7,680,178,709,REVIEW
X51006387931,3:24,430,683,488,707,REVIEW
X51006387931,TYPE,7,710,65,739,REVIEW
X51006387931,RATE A,231,716,318,741,REVIEW
X51006387931,RM3.00,401,717,490,740,REVIEW
X51006387931,POSTED,172,724,405,779,REVIEW
X51006387931,PARKING FEE,8,777,165,805,REVIEW
X51006387931,GST(INCLUDED),10,811,193,841,REVIEW
X51006387931,6.00 %,232,815,320,840,REVIEW
X51006387931,RM2.83,401,781,490,805,REVIEW
X51006387931,RM0.17,403,814,489,839,REVIEW
X51006387931,TOTAL,10,875,140,904,REVIEW
X51006387931,PAID,9,909,126,936,REVIEW
X51006387931,CHANGE,10,941,180,971,REVIEW
X51006387931,RM3.00,360,879,485,903,REVIEW
X51006387931,RM3.00,360,913,485,935,REVIEW
X51006387931,RM0.00,361,945,485,969,REVIEW
X51006387973,YOUR ORDER NUMBER IS,7,163,644,229,REVIEW
X51006387973,163,243,235,460,378,REVIEW
X51006387973,GERBANG ALAF RESTAURANTS SDN BHD,55,497,566,535,REVIEW
X51006387973,(65351-M),234,538,371,576,REVIEW
X51006387973,FORMERLY KNOWN AS,169,580,438,614,REVIEW
X51006387973,GOLDEN ARCHES RESTAURANTS SDN BHD,40,615,565,655,REVIEW
X51006387973,LICENSEE OF MCDONALD'S,135,657,486,691,REVIEW
X51006387973,LEVEL 6,11,696,631,734,REVIEW
X51006387973,NO.3,11,738,628,775,REVIEW
X51006387973,SELANGOR,247,781,372,814,REVIEW
X51006387973,(GST ID NO: 000504664064),124,820,515,854,PHONE
X51006387973,MCDONALD'S KOTA DAMANSARA DT(#178),40,860,577,895,REVIEW
X51006387973,TEL NO. 03-6156-2180,153,903,484,935,PHONE
X51006387973,TAX INVOICE,231,942,407,971,REVIEW
X51006387973,MFY SIDE 1,246,1022,403,1052,REVIEW
X51006387973,INV# 00178020001,13,1101,263,1131,PHONE
X51006387973,ORD 3 -REG #2,11,1142,250,1173,REVIEW
X51006387973,30/04/2017 13:29:56,281,1139,580,1170,DATE
X51006387973,QTY ITEM,12,1182,140,1213,REVIEW
X51006387973,7.70,563,1372,625,1403,REVIEW
X51006387973,TOTAL,547,1178,626,1208,REVIEW
X51006387973,1 L DBLECHEESE,46,1221,265,1253,REVIEW
X51006387973,1 L COKE,75,1259,202,1292,REVIEW
X51006387973,1 L FRIES,78,1338,218,1370,REVIEW
X51006387973,1 DOUBLECHEESE,45,1376,263,1409,REVIEW
X51006387973,1 L AYAMGORENG,46,1417,265,1451,REVIEW
X51006387973,1 L COKE,78,1457,179,1487,REVIEW
X51006387973,1 L FRIES,78,1536,218,1569,REVIEW
X51006387973,1 L 9NUGGETS,47,1578,233,1607,REVIEW
X51006387973,1 HONEY MUSTARD SAUCE,76,1615,406,1647,REVIEW
X51006387973,1 FRENCH CHEESE SAUCE,79,1654,406,1687,REVIEW
X51006387973,1 L COKE,78,1694,202,1725,REVIEW
X51006387973,1 L FRIES,76,1772,217,1804,REVIEW
X51006387973,11.10,549,1218,625,1247,REVIEW
X51006387973,15.25,550,1414,626,1445,REVIEW
X51006387973,NO ICE,107,1300,200,1330,REVIEW
X51006387973,13.10,549,1572,626,1602,REVIEW
X51006387973,CUSTOMER SERVICE HOTLINE : 03-2726-5600,4,2559,635,2592,PHONE
X51006387973,THANK YOU AND PLEASE COME AGAIN.,38,2517,548,2550,REVIEW
X51006387973,TO SHARE YOUR EXPERIENCE,119,2435,502,2467,REVIEW
X51006387973,NO I,107,1497,168,1528,REVIEW
X51006387973,GOOGLE PLAY/APP STORE,152,2353,486,2388,REVIEW
X51006387973,DOWNLOAD MY MCD FEEDBACK FROM,89,2312,549,2346,REVIEW
X51006387973,OR,293,2273,328,2305,REVIEW
X51006387973,VISIT WWW.MCDFEEDBACK.COM.MY,91,2234,530,2270,REVIEW
X51006387973,WE'D LOVE TO HEAR YOUR FEEDBACK!,62,2157,557,2191,REVIEW
X51006387973,NO ICE,105,1733,201,1764,REVIEW
X51006387973,2.67,561,2041,623,2070,REVIEW
X51006387973,EAT-IN TOTAL (INCL GST),13,1851,372,1885,REVIEW
X51006387973,TOTAL ROUNDED,12,1890,218,1920,REVIEW
X51006387973,CASH TENDENED,13,1928,220,1961,REVIEW
X51006387973,CHANGE,13,1969,106,2002,REVIEW
X51006387973,47.15,548,1846,624,1879,REVIEW
X51006387973,47.15,547,1888,625,1918,REVIEW
X51006387973,100.00,534,1927,625,1956,REVIEW
X51006387973,52.85,544,1963,625,1995,REVIEW
X51006387973,TOTAL INCLUDES 6% GST,18,2041,344,2073,REVIEW
X51006401977,B & BEST RESTAURANT,107,252,641,286,REVIEW
X51006401977,(001610235-P),266,291,447,321,PHONE
X51006401977,GST NO. : 001800839168,205,324,522,353,PHONE
X51006401977,NO.12,133,361,596,387,REVIEW
X51006401977,SELANGOR DARUL EHSAN,214,394,511,428,REVIEW
X51006401977,TEL : 012-2060 778,235,432,491,460,PHONE
X51006401977,**TAX INVOICE**,251,467,460,492,REVIEW
X51006401977,BILL NO: 00133886 / POS01,21,536,376,565,REVIEW
X51006401977,BIZDATE: 19/04/2017,21,572,292,602,DATE
X51006401977,CASHIER: MANAGER,21,606,246,640,REVIEW
X51006401977,PRINTED: 19/04/2017 12:44:57 PM,20,640,462,669,DATE
X51006401977,RM,673,638,704,665,REVIEW
X51006401977,2,22,711,35,738,REVIEW
X51006401977,FISHBALL NOODLE @7.00,162,710,462,739,REVIEW
X51006401977,14.00,633,708,703,735,REVIEW
X51006401977,2,22,780,37,810,REVIEW
X51006401977,SUB TOTAL,62,782,195,808,REVIEW
X51006401977,14.00,634,779,703,805,REVIEW
X51006401977,GST 6%,63,814,152,845,REVIEW
X51006401977,0.84,642,812,702,840,REVIEW
X51006401977,ROUNDING ADJ,63,849,234,878,REVIEW
X51006401977,0.01,646,848,703,873,REVIEW
X51006401977,NET TOTAL,64,943,193,972,REVIEW
X51006401977,14.85,631,919,705,969,REVIEW
X51006401977,CASH,62,976,124,1005,REVIEW
X51006401977,14.85,633,972,703,999,REVIEW
X51006401977,CHANGE,63,1032,150,1061,REVIEW
X51006401977,0.00,644,1010,705,1058,REVIEW
X51006401977,THANK YOU...PLEASE COME AGAIN...,135,1136,586,1166,REVIEW
X51006401977,HTTPS://N.FACEBOOK.COM/B-BEST-RESTAURANT,75,1169,645,1198,REVIEW
X51006401977,ALL ITEM WILL BE CHARGES GST,160,1201,563,1231,REVIEW
X51006401977,POSTED,220,1218,601,1323,REVIEW
X51006556734,GARDENIA BAKERIES (KL) SDN BHD (139386 X),38,73,593,96,REVIEW
X51006556734,LOT 3,178,96,447,121,REVIEW
X51006556734,40300 SHAH ALAM,161,119,460,144,REVIEW
X51006556734,TEL: 03- 55423228,123,141,307,165,PHONE
X51006556734,GST ID: 000381399040,191,166,438,189,PHONE
X51006556734,TAX INVOICE / ADJUSTMENT NOTE,138,208,486,246,REVIEW
X51006556734,CASH INV NO.: 7804F712,250,266,513,302,REVIEW
X51006556734,VE0514,28,304,117,326,REVIEW
X51006556734,DATE: 04/08/2017,324,308,516,329,DATE
X51006556734,MAKASSAR FRESH MARKET SDN BHD,27,335,377,371,REVIEW
X51006556734,GROUND FLOOR,31,375,313,399,REVIEW
X51006556734,JALAN SS 15/4B,29,400,210,422,REVIEW
X51006556734,47500 SUBANG JAYA,27,422,353,444,REVIEW
X51006556734,VE05: AZLAN(3737),28,442,228,468,REVIEW
X51006556734,DD: 04/08/2017,256,467,415,489,DATE
X51006556734,10:56,437,467,494,489,REVIEW
X51006556734,DESCRIPTION,26,497,161,519,REVIEW
X51006556734,U.P,178,497,216,516,REVIEW
X51006556734,D,332,497,348,516,REVIEW
X51006556734,AMT(RM),426,498,511,520,REVIEW
X51006556734,O.C. WHITE,25,534,146,554,REVIEW
X51006556734,2.13,164,534,219,555,REVIEW
X51006556734,4,249,536,264,554,REVIEW
X51006556734,5,297,535,310,554,REVIEW
X51006556734,0,332,535,347,554,REVIEW
X51006556734,-1,379,535,405,554,REVIEW
X51006556734,-2.13,450,534,510,555,REVIEW
X51006556734,O.C JUMBO,25,556,134,579,REVIEW
X51006556734,2.97,166,558,216,577,REVIEW
X51006556734,5,250,558,263,577,REVIEW
X51006556734,2,296,559,311,577,REVIEW
X51006556734,0,331,559,346,577,REVIEW
X51006556734,3,390,559,404,577,REVIEW
X51006556734,8.91,460,560,512,578,REVIEW
X51006556734,TOTAL 0% SUPPLIES:,188,586,407,628,REVIEW
X51006556734,6.78,460,591,510,624,REVIEW
X51006556734,CR-CHOCLT,25,636,135,659,REVIEW
X51006556734,0.72,166,639,216,658,REVIEW
X51006556734,24,238,639,265,659,REVIEW
X51006556734,0,296,639,311,658,REVIEW
X51006556734,0,332,639,347,658,REVIEW
X51006556734,24,380,640,405,660,REVIEW
X51006556734,17.28,450,639,509,660,REVIEW
X51006556734,TWG T'MISU,23,660,147,683,REVIEW
X51006556734,1.33,167,663,216,682,REVIEW
X51006556734,0,249,664,264,681,REVIEW
X51006556734,2,297,664,311,682,REVIEW
X51006556734,0,331,663,346,681,REVIEW
X51006556734,-2,379,664,405,682,REVIEW
X51006556734,-2.66,450,665,511,684,REVIEW
X51006556734,KAYA-ORI,26,684,125,706,REVIEW
X51006556734,2.40,166,687,217,705,REVIEW
X51006556734,4,248,687,264,705,REVIEW
X51006556734,0,296,687,310,706,REVIEW
X51006556734,0,331,686,346,705,REVIEW
X51006556734,4,390,687,406,706,REVIEW
X51006556734,9.60,462,688,511,707,REVIEW
X51006556734,TOTAL 6% SUPPLIES (EXCL. GST):,45,717,407,760,REVIEW
X51006556734,24.22,448,720,512,754,REVIEW
X51006556734,GST:,354,767,402,799,REVIEW
X51006556734,1.46,461,767,513,800,REVIEW
X51006556734,TOTAL 6% SUPPLIES (INC. GST):,60,813,402,859,REVIEW
X51006556734,25.68,448,816,511,850,REVIEW
X51006556734,TOTAL 0% SUPPLIES:,187,862,403,905,REVIEW
X51006556734,6.78,460,864,512,898,REVIEW
X51006556734,TOTAL PAYABLE:,235,912,406,955,REVIEW
X51006556734,32.46,449,915,513,948,REVIEW
X51006556734,E.&.0.E.,29,974,123,997,REVIEW
X51006556734,RECEIVED ABOVE GOODS IN GOOD ORDER CONDITION.,28,1000,563,1022,REVIEW
X51006556734,THE RECIPIENT OF GARDENIA'S PRODUCTS IS,29,1023,492,1046,REVIEW
X51006556734,REQUIRED TO MAKE NECESSARY ADJUSTMENTS TO ITS,26,1047,561,1070,REVIEW
X51006556734,INPUT TAX CLAIMS,28,1070,469,1092,REVIEW
X51006556734,ADJUSTMENTS SHOWN IN THIS TAX INVOICE /,26,1093,493,1117,REVIEW
X51006556734,ADJUSTMENT NOTE,28,1117,209,1138,REVIEW
X51006556734,CUSTOMER'S COPY,189,1143,437,1165,REVIEW
X51006556734,FAX:03- 55423213,321,143,506,166,PHONE
X51006556734,ISS,226,497,263,516,REVIEW
X51006556734,EXC,274,497,312,518,REVIEW
X51006556734,SALE,355,497,406,518,REVIEW
X51006556810,GARDENIA BAKERIES (KL) SDN BHD (139386 X),64,72,618,98,REVIEW
X51006556810,LOT 3,203,97,475,119,REVIEW
X51006556810,40300 SHAH ALAM,189,119,489,144,REVIEW
X51006556810,TEL: 03- 55423228,149,142,333,163,PHONE
X51006556810,GST ID: 000381399040,217,165,464,188,PHONE
X51006556810,TAX INVOICE / ADJUSTMENT NOTE,164,204,514,248,REVIEW
X51006556810,CASH INV NO.: 7920F714,272,266,540,303,REVIEW
X51006556810,VE0514,54,303,138,325,REVIEW
X51006556810,DATE: 20/09/2017,347,306,546,329,DATE
X51006556810,MAKASSAR FRESH MARKET SDN BHD,50,332,400,370,REVIEW
X51006556810,GROUND FLOOR,52,374,340,397,REVIEW
X51006556810,JALAN SS 15/4B,52,398,230,421,REVIEW
X51006556810,47500 SUBANG JAYA,52,421,376,444,REVIEW
X51006556810,VE05: RIDZUAN (11900),52,442,298,466,REVIEW
X51006556810,DD: 20/09/2017,279,466,438,488,DATE
X51006556810,12:18,462,467,517,489,REVIEW
X51006556810,DESCRIPTION,47,496,181,515,REVIEW
X51006556810,U.P,199,495,239,514,REVIEW
X51006556810,D,354,496,370,515,REVIEW
X51006556810,AMT(RM),448,497,534,518,REVIEW
X51006556810,O.C. WHITE,47,530,169,551,REVIEW
X51006556810,2.13,191,532,238,552,REVIEW
X51006556810,5,272,533,285,552,REVIEW
X51006556810,0,318,534,333,552,REVIEW
X51006556810,0,354,533,370,553,REVIEW
X51006556810,5,413,534,427,553,REVIEW
X51006556810,10.65,474,533,534,555,REVIEW
X51006556810,WHOLEMEAL,45,554,156,575,REVIEW
X51006556810,2.78,189,556,238,575,REVIEW
X51006556810,5,272,557,286,575,REVIEW
X51006556810,0,317,557,334,575,REVIEW
X51006556810,0,353,558,369,576,REVIEW
X51006556810,5,413,557,428,579,REVIEW
X51006556810,13.90,474,558,533,577,REVIEW
X51006556810,TOTAL 0% SUPPLIES:,208,586,425,629,REVIEW
X51006556810,24.55,469,591,533,623,REVIEW
X51006556810,CR-CHOCLT,48,633,157,659,REVIEW
X51006556810,0.72,189,636,238,656,REVIEW
X51006556810,0,271,638,286,656,REVIEW
X51006556810,2,318,639,332,657,REVIEW
X51006556810,0,354,638,368,657,REVIEW
X51006556810,-2,401,639,428,657,REVIEW
X51006556810,-1.44,471,640,534,659,REVIEW
X51006556810,TOTAL 6% SUPPLIES (EXCL. GST):,67,666,430,711,REVIEW
X51006556810,-1.44,471,669,538,707,REVIEW
X51006556810,GST:,375,718,425,753,REVIEW
X51006556810,-0.09,472,719,534,754,REVIEW
X51006556810,TOTAL 6% SUPPLIES (INC. GST):,79,766,426,810,REVIEW
X51006556810,-1.53,470,770,531,803,REVIEW
X51006556810,TOTAL 0% SUPPLIES:,206,813,425,856,REVIEW
X51006556810,24.55,468,816,533,851,REVIEW
X51006556810,TOTAL PAYABLE:,256,861,424,907,REVIEW
X51006556810,23.02,468,866,531,900,REVIEW
X51006556810,.0.E.,86,923,143,946,REVIEW
X51006556810,EIVED ABOVE GOODS IN GOOD ORDER CONDITION.,85,948,579,973,REVIEW
X51006556810,RECIPIENT OF GARDENIA'S PRODUCTS IS,95,974,510,996,REVIEW
X51006556810,IRED TO MAKE NECESSARY ADJUSTMENTS TO ITS,97,997,582,1021,REVIEW
X51006556810,T TAX CLAIMS,98,1021,489,1043,REVIEW
X51006556810,STMENTS SHOWN IN THIS TAX INVOICE /,96,1044,511,1065,REVIEW
X51006556810,STMENT NOTE,97,1068,229,1088,REVIEW
X51006556810,CUSTOMER'S COPY,213,1094,451,1117,REVIEW
X51006556810,FAX:03- 55423213,349,144,531,164,PHONE
X51006556810,ISS,250,496,287,515,REVIEW
X51006556810,EXC,296,496,336,516,REVIEW
X51006556810,SALE,379,496,428,516,REVIEW
X51006557209,GARDENIA BAKERIES (KL) SDN BHD (139386 X),34,71,592,95,REVIEW
X51006557209,LOT 3,170,95,446,118,REVIEW
X51006557209,40300 SHAH ALAM,158,117,458,140,REVIEW
X51006557209,TEL: 03- 55423228,119,139,305,161,PHONE
X51006557209,GST ID: 000381399040,191,162,431,184,PHONE
X51006557209,TAX INVOICE / ADJUSTMENT NOTE,135,204,486,240,REVIEW
X51006557209,CASH INV NO.: 7006F714,245,262,510,298,REVIEW
X51006557209,VE0514,24,300,110,323,REVIEW
X51006557209,DATE: 06/10/2017,320,304,513,326,DATE
X51006557209,MAKASSAR FRESH MARKET SDN BHD,21,331,374,367,REVIEW
X51006557209,GROUND FLOOR,20,372,311,396,REVIEW
X51006557209,JALAN SS 15/4B,27,396,204,419,REVIEW
X51006557209,47500 SUBANG JAYA,25,419,350,440,REVIEW
X51006557209,VE05: RIDZUAN (11900),27,441,268,465,REVIEW
X51006557209,DD: 06/10/2017,252,464,412,486,DATE
X51006557209,DESCRIPTION,20,494,155,514,REVIEW
X51006557209,O.C. WHITE,20,528,144,552,REVIEW
X51006557209,WHOLEMEAL,18,553,129,574,REVIEW
X51006557209,O.C JUMBO,19,574,130,597,REVIEW
X51006557209,TOTAL 0% SUPPLIES:,185,606,401,650,REVIEW
X51006557209,33.84,445,609,509,643,REVIEW
X51006557209,TOTAL PAYABLE:,231,666,400,710,REVIEW
X51006557209,33.84,444,668,510,703,REVIEW
X51006557209,E.&.0.E.,25,730,120,751,REVIEW
X51006557209,RECEIVED ABOVE GOODS IN GOOD ORDER CONDITION.,23,752,558,776,REVIEW
X51006557209,TH,23,776,50,795,REVIEW
X51006557209,RE,24,802,50,820,REVIEW
X51006557209,INPUT TAX CLAIMS,23,823,466,847,REVIEW
X51006557209,ADJUSTMENTS SHOWN IN THIS TAX INVOICE /,22,846,490,868,REVIEW
X51006557209,ADJUSTMENT NOTE,23,869,205,892,REVIEW
X51006557209,CUSTOMER'S COPY,191,897,431,919,REVIEW
X51006557209,FAX:03- 55423213,319,140,503,161,PHONE
X51006557209,11:05,434,463,490,486,REVIEW
X51006557209,U.P,174,493,213,513,REVIEW
X51006557209,ISS,223,493,260,512,REVIEW
X51006557209,EXC,270,494,308,513,REVIEW
X51006557209,D,328,495,343,514,REVIEW
X51006557209,SALE,352,494,403,514,REVIEW
X51006557209,AMT(RM),422,494,507,515,REVIEW
X51006557209,2.13,162,531,212,551,REVIEW
X51006557209,5,245,532,260,550,REVIEW
X51006557209,0,291,532,307,549,REVIEW
X51006557209,0,327,531,342,551,REVIEW
X51006557209,5,387,531,401,550,REVIEW
X51006557209,10.65,447,532,506,551,REVIEW
X51006557209,2.78,163,555,212,574,REVIEW
X51006557209,3,246,555,260,574,REVIEW
X51006557209,0,291,555,307,574,REVIEW
X51006557209,0,328,555,343,573,REVIEW
X51006557209,3,387,554,400,573,REVIEW
X51006557209,8.34,457,555,508,574,REVIEW
X51006557209,2.97,162,577,212,596,REVIEW
X51006557209,6,245,577,260,596,REVIEW
X51006557209,1,293,577,308,595,REVIEW
X51006557209,0,327,578,342,595,REVIEW
X51006557209,5,386,577,401,595,REVIEW
X51006557209,14.85,446,577,507,596,REVIEW
X51006557209,IPIENT OF GARDENIA'S PRODUCTS IS,110,776,488,799,REVIEW
X51006557209,D TO MAKE NECESSARY ADJUSTMENTS TO ITS,108,801,560,823,REVIEW
X51006619779,YAM FRESH,357,121,519,155,REVIEW
X51006619779,NO.145G,162,164,713,205,REVIEW
X51006619779,LAMAN RIMBUNAN KEPONG,229,210,628,251,REVIEW
X51006619779,52100 KUALA LUMPUR,269,254,589,294,REVIEW
X51006619779,TEL: (603) 6243 5520,249,298,608,337,PHONE
X51006619779,GST ID=001817907200,269,344,610,382,PHONE
X51006619779,INVOICE: 001-9823,24,511,465,592,REVIEW
X51006619779,DATE: 2016-07-31 13:49:10,19,591,464,635,PHONE
X51006619779,DINE IN,722,545,860,594,REVIEW
X51006619779,Q02 OYSTER MEE SUA,16,680,358,724,REVIEW
X51006619779,:1,44,725,76,764,REVIEW
X51006619779,1,659,682,678,724,REVIEW
X51006619779,RM7.50,743,680,856,720,REVIEW
X51006619779,SUB-TOTAL,463,811,624,852,REVIEW
X51006619779,6% GST,516,859,627,895,REVIEW
X51006619779,GRAND TOTAL,429,972,625,1013,REVIEW
X51006619779,RM7.50,747,812,858,853,REVIEW
X51006619779,RM0.45,744,859,856,897,REVIEW
X51006619779,RM7.95,669,946,856,1022,REVIEW
X51006619779,CASH,550,1106,628,1143,REVIEW
X51006619779,CHANGE,514,1150,627,1191,REVIEW
X51006619779,RM10.05,726,1106,858,1143,REVIEW
X51006619779,RM2.10,746,1151,859,1186,REVIEW
X51006619779,THANK YOU.,341,1232,514,1276,REVIEW
X51006619779,PLEASE VISIT US AT:-,249,1282,611,1322,REVIEW
X51006619779,FACEBOOK:-YAM FRESH,268,1327,612,1366,REVIEW
X51006619779,001-2016-07-31 13:49:29,21,1413,331,1445,PHONE
X51006619779,LIJIE,354,1416,425,1445,REVIEW
X51006619779,001-9823 [1],512,1414,675,1446,REVIEW
X51006857132,AEON CO. (M) BHD (126926-H),254,164,735,209,REVIEW
X51006857132,3RD FLR,235,215,757,256,REVIEW
X51006857132,JLN JEJAKA,276,268,705,307,REVIEW
X51006857132,CHERAS,254,318,724,361,REVIEW
X51006857132,GST ID : 002017394688,307,367,686,412,PHONE
X51006857132,SHOPPING HOURS,382,419,632,460,REVIEW
X51006857132,SUN-THU:1000 HRS - 2200 HRS,239,467,718,511,REVIEW
X51006857132,FRI-SAI:1000 HRS - 2300 HRS,240,521,721,562,REVIEW
X51006857132,4X 000006225926,152,618,422,663,PHONE
X51006857132,23.60SR,682,622,809,659,REVIEW
X51006857132,COLD WATER BOTT @5.90,199,669,579,710,REVIEW
X51006857132,1X 000001888854,155,721,418,762,PHONE
X51006857132,0.20SR,695,719,809,762,REVIEW
X51006857132,PLASTICS BAG,198,770,424,813,REVIEW
X51006857132,SUB-TOTAL,97,870,261,910,REVIEW
X51006857132,23.80,713,870,808,914,REVIEW
X51006857132,TOTAL SALES INCL GST,97,917,453,964,REVIEW
X51006857132,23.80,711,920,807,964,REVIEW
X51006857132,TOTAL AFTER ADJ INCL GST,96,969,521,1012,REVIEW
X51006857132,23.80,713,971,809,1012,REVIEW
X51006857132,CASH,95,1019,172,1066,REVIEW
X51006857132,50.80,714,1025,810,1066,REVIEW
X51006857132,ITEM COUNT 5,93,1071,313,1111,REVIEW
X51006857132,CHANGE AMT,411,1072,589,1115,REVIEW
X51006857132,27.00,714,1071,805,1115,REVIEW
X51006857132,INVOICE NO: 2017070951370013311,167,1121,714,1161,PHONE
X51006857132,GST SUMMARY,98,1167,294,1216,REVIEW
X51006857132,AMOUNT,447,1171,559,1211,REVIEW
X51006857132,TAX,749,1172,808,1212,REVIEW
X51006857132,SR @ 6%,89,1219,228,1264,REVIEW
X51006857132,22.47,464,1221,558,1262,REVIEW
X51006857132,1.33,736,1223,807,1267,REVIEW
X51006857132,TOTAL,93,1268,189,1315,REVIEW
X51006857132,22.47,469,1271,560,1312,REVIEW
X51006857132,1.33,737,1274,808,1315,REVIEW
X51006857132,09/07/2017 17:01,93,1322,384,1365,DATE
X51006857132,5137 001 0013311,523,1323,807,1362,PHONE
X51006857132,0296232 JULIANA BINTI SAAD,91,1372,558,1412,REVIEW
X51006857132,DAISO STARLING MALL,324,1519,660,1560,REVIEW
X51006857132,TEL 1-300-80-AEON (2366),272,1569,698,1616,REVIEW
X51006857132,THANK YOU FOR YOUR PATRONAGE,238,1618,736,1665,REVIEW
X51006857132,PLEASE COME AGAIN,322,1670,633,1711,REVIEW
X51006913061,UNIHAKKA INTERNATIONAL SDN BHD,1696,1482,3041,1549,REVIEW
X51006913061,23 MAY 2018 18:33,2121,1565,2631,1626,DATE
X51006913061,(867388-U),2222,1644,2537,1711,REVIEW
X51006913061,12,1794,1724,2952,1791,REVIEW
X51006913061,TAMPOI,1929,1812,2821,1873,REVIEW
X51006913061,TAX INVOICE,2174,1892,2557,1953,REVIEW
X51006913061,INVOICE # : OR18052302160264,1641,1968,2469,2026,PHONE
X51006913061,ITEM,1641,2088,1763,2140,REVIEW
X51006913061,QTY,2108,2085,2215,2158,REVIEW
X51006913061,TOTAL,2968,2085,3106,2146,REVIEW
X51006913061,SR I00100000031- 3 VEGE,1644,2179,2355,2249,PHONE
X51006913061,$4.40,1641,2265,1794,2332,REVIEW
X51006913061,1,2104,2279,2150,2334,REVIEW
X51006913061,$4.40,2949,2256,3096,2335,REVIEW
X51006913061,SR I00100000009- SEAFOOD (M),1644,2390,2488,2460,PHONE
X51006913061,$4.80,1641,2488,1797,2555,REVIEW
X51006913061,1,2103,2491,2155,2555,REVIEW
X51006913061,$4.80,2949,2485,3096,2558,REVIEW
X51006913061,TOTAL AMOUNT: $9.20,2564,2632,3105,2693,REVIEW
X51006913061,GST @6%: $0.52,2638,2713,3103,2783,REVIEW
X51006913061,NETT TOTAL: $9.20,2668,2796,3108,2863,REVIEW
X51006913061,PAYMENT MODE,1626,2913,2051,2983,REVIEW
X51006913061,AMOUNT,2876,2919,3099,2977,REVIEW
X51006913061,CASH,1620,3009,1825,3072,REVIEW
X51006913061,$9.20,2937,3011,3093,3072,REVIEW
X51006913061,CHANGE,1641,3090,1855,3163,REVIEW
X51006913061,$0.00,2940,3087,3105,3157,REVIEW
X51006913061,GST SUMMARY,1636,3297,1978,3355,REVIEW
X51006913061,AMOUNT($),2390,3303,2616,3358,REVIEW
X51006913061,TAX($),2949,3301,3105,3353,REVIEW
X51006913061,SR = GST @6%,1632,3387,1987,3457,REVIEW
X51006913061,8.68,2522,3390,2632,3442,REVIEW
X51006913061,0.52,2994,3393,3098,3445,REVIEW
X51006913061,GST REG #000656195584,1999,3506,2705,3573,PHONE
X51006913061,BAR WANG RICE@PERMAS JAYA,1882,3596,2854,3666,REVIEW
X51006913061,(PRICE INCLUSIVE OF GST),2036,3677,2674,3750,REVIEW
X51006913061,THANK YOU & COME AGAIN!,2004,3758,2704,3833,REVIEW
X51006913061,LIKE AND FOLLOW US ON FACEBOOK!,1913,3839,2799,3915,REVIEW
X51006913061,FACEBOOK.COM/BARWANGRICE,1974,3925,2732,4008,REVIEW
X51007339134,SANYU STATIONERY SHOP,39,134,510,170,REVIEW
X51007339134,NO. 31G&33G,43,181,501,204,REVIEW
X51007339134,40170 SETIA ALAM,41,206,240,226,REVIEW
X51007339134,MOBILE /WHATSAPPS : +6012-918 7937,41,230,426,257,PHONE
X51007339134,TEL: +603-3362 4137,41,261,261,287,PHONE
X51007339134,GST ID NO: 001531760640,43,291,318,312,PHONE
X51007339134,TAX INVOICE,409,301,590,335,REVIEW
X51007339134,OWNED BY :,32,321,135,343,REVIEW
X51007339134,SANYU SUPPLY SDN BHD (1135772-K),32,346,373,370,REVIEW
X51007339134,CASH SALES COUNTER,36,398,298,422,REVIEW
X51007339134,1. 2012-0029,50,461,187,483,PHONE
X51007339134,3 X 2.9000,74,519,188,541,REVIEW
X51007339134,RESTAURANT ORDER CHIT NCR,269,463,590,485,REVIEW
X51007339134,"3.5""X6""",268,488,344,510,REVIEW
X51007339134,8.70,475,522,524,543,REVIEW
X51007339134,SR,550,521,581,544,REVIEW
X51007339134,TOTAL SALES INCLUSIVE GST @6%,24,555,340,579,REVIEW
X51007339134,DISCOUNT,237,588,328,608,REVIEW
X51007339134,TOTAL,235,630,290,652,REVIEW
X51007339134,ROUND ADJ,236,661,343,688,REVIEW
X51007339134,FINAL TOTAL,237,702,345,724,REVIEW
X51007339134,CASH,237,759,299,780,REVIEW
X51007339134,CHANGE,236,788,323,810,REVIEW
X51007339134,8.70,474,560,523,581,REVIEW
X51007339134,0.00,477,591,523,611,REVIEW
X51007339134,8.70,479,634,524,654,REVIEW
X51007339134,0.00,477,666,526,686,REVIEW
X51007339134,8.70,477,707,525,725,REVIEW
X51007339134,10.00,467,761,527,782,REVIEW
X51007339134,1.30,479,795,526,811,REVIEW
X51007339134,GST SUMMARY,24,831,170,856,REVIEW
X51007339134,AMOUNT(RM),252,832,381,856,REVIEW
X51007339134,TAX(RM),474,832,563,859,REVIEW
X51007339134,SR @ 6%,25,863,126,886,REVIEW
X51007339134,8.21,335,864,382,886,REVIEW
X51007339134,0.49,516,865,565,887,REVIEW
X51007339134,INV NO: CS-SA-0116031,25,943,282,965,REVIEW
X51007339134,DATE : 06/10/2017,314,945,515,967,DATE
X51007339134,GOODS SOLD ARE NOT RETURNABLE & REFUNDABLE,64,1087,568,1109,REVIEW
X51007339134,THANK YOU FOR YOUR PATRONAGE,110,1138,520,1160,REVIEW
X51007339134,PLEASE COME AGAIN.,192,1170,442,1194,REVIEW
X51007339134,TERIMA KASIH SILA DATANG LAGI,114,1223,516,1245,REVIEW
X51007339134,** PLEASE KEEP THIS RECEIPT FOR PROVE OF,66,1273,567,1300,REVIEW
X51007339134,PURCHASE DATE FOR I.T PRODUCT WARRANTY,45,1308,581,1330,REVIEW
X51007339134,PURPOSE **,241,1339,387,1359,REVIEW
X51007339134,FOLLOW US IN FACEBOOK : SANYU.STATIONERY,86,1389,546,1415,REVIEW
X51007846266,UNIHAKKA INTERNATIONAL SDN BHD,1450,1354,2795,1448,REVIEW
X51007846266,01 JUN 2018 18:41,1874,1444,2362,1514,DATE
X51007846266,(867388-U),1968,1532,2269,1605,REVIEW
X51007846266,12,1544,1602,2696,1687,REVIEW
X51007846266,TAMPOI,1667,1687,2547,1769,REVIEW
X51007846266,TAX INVOICE,1915,1775,2298,1842,REVIEW
X51007846266,INVOICE # : OR18060102160261,1380,1839,2202,1921,PHONE
X51007846266,ITEM,1380,1959,1497,2020,REVIEW
X51007846266,QTY,1836,1965,1947,2035,REVIEW
X51007846266,TOTAL,2696,1982,2839,2043,REVIEW
X51007846266,SR,1374,2057,1462,2115,REVIEW
X51007846266,I00100000061-5 VEGE,1481,2057,2079,2137,PHONE
X51007846266,RM6.22,1369,2142,1579,2214,REVIEW
X51007846266,1,1837,2158,1869,2219,REVIEW
X51007846266,SR,1366,2267,1454,2323,REVIEW
X51007846266,I00100000001-CHICKEN,1475,2267,2102,2341,PHONE
X51007846266,RM2.54,1364,2360,1571,2426,REVIEW
X51007846266,1,1834,2371,1858,2427,REVIEW
X51007846266,RM6.22,2618,2166,2823,2230,REVIEW
X51007846266,RM2.54,2610,2387,2817,2453,REVIEW
X51007846266,TOTAL AMOUNT: RM8.76,2236,2525,2818,2589,REVIEW
X51007846266,GST @0%: RM0.00,2299,2605,2815,2679,REVIEW
X51007846266,ROUNDING: -RM0.01,2307,2687,2807,2761,REVIEW
X51007846266,NETT TOTAL: RM8.75,2318,2770,2818,2842,REVIEW
X51007846266,PAYMENT MODE,1350,2868,1746,2937,REVIEW
X51007846266,AMOUNT,2594,2897,2807,2961,REVIEW
X51007846266,CASH,1350,2969,1520,3025,REVIEW
X51007846266,CHANGE,1345,3046,1558,3112,REVIEW
X51007846266,RM8.75,2594,2996,2801,3049,REVIEW
X51007846266,RM0.00,2592,3073,2794,3139,REVIEW
X51007846266,GST SUMMARY,1340,3256,1678,3317,REVIEW
X51007846266,SR = GST @0%,1334,3349,1685,3409,REVIEW
X51007846266,AMOUNT(RM),2045,3265,2323,3329,REVIEW
X51007846266,8.76,2219,3365,2317,3409,REVIEW
X51007846266,TAX(RM),2604,3281,2794,3335,REVIEW
X51007846266,0.00,2698,3377,2788,3419,REVIEW
X51007846266,GST REG #000656195584,1708,3475,2403,3545,PHONE
X51007846266,BAR WANG RICE@PERMAS JAYA,1586,3555,2529,3627,REVIEW
X51007846266,THANK YOU & COME AGAIN!,1706,3641,2397,3725,REVIEW
X51007846266,LIKE AND FOLLOW US ON FACEBOOK!,1622,3727,2473,3803,REVIEW
X51007846266,FACEBOOK.COM/BARWANGRICE,1666,3805,2427,3893,REVIEW
X51007846304,UNIHAKKA INTERNATIONAL SDN BHD,1826,1585,3178,1663,REVIEW
X51007846304,05 JUN 2018 18:22,2257,1675,2754,1725,DATE
X51007846304,(867388-U),2354,1757,2655,1824,REVIEW
X51007846304,12,1930,1839,3085,1903,REVIEW
X51007846304,TAMPOI,2061,1921,2935,1985,REVIEW
X51007846304,TAX INVOICE,2304,2006,2687,2059,REVIEW
X51007846304,INVOICE # : OR18060502160307,1763,2082,2605,2146,PHONE
X51007846304,ITEM,1775,2202,1895,2255,REVIEW
X51007846304,QTY,2233,2201,2342,2265,REVIEW
X51007846304,TOTAL,3094,2185,3235,2254,REVIEW
X51007846304,SR,1773,2297,1863,2351,REVIEW
X51007846304,SR,1775,2516,1861,2568,REVIEW
X51007846304,SR,1777,2728,1865,2786,REVIEW
X51007846304,SR,1773,2942,1865,3000,REVIEW
X51007846304,I00100000031- 3 VEGE,1885,2295,2488,2363,PHONE
X51007846304,RM4.15,1773,2387,1983,2447,REVIEW
X51007846304,I00100000003- BEANS,1881,2508,2464,2564,PHONE
X51007846304,RM1.03,1773,2606,1985,2666,REVIEW
X51007846304,I00100000065-ADD MEATS,1887,2728,2560,2784,PHONE
X51007846304,RM0.84,1777,2824,1979,2880,REVIEW
X51007846304,I00100000170- IMPORTED VEGGIES,1885,2940,2748,3006,PHONE
X51007846304,RM1.50,1775,3040,1979,3096,REVIEW
X51007846304,1,2247,2389,2271,2449,REVIEW
X51007846304,1,2241,2606,2273,2662,REVIEW
X51007846304,1,2245,2822,2277,2880,REVIEW
X51007846304,1,2245,3038,2277,3096,REVIEW
X51007846304,RM4.15,3024,2375,3234,2439,REVIEW
X51007846304,RM1.03,3024,2598,3234,2660,REVIEW
X51007846304,RM0.84,3022,2812,3236,2866,REVIEW
X51007846304,RM1.50,3028,3028,3230,3092,REVIEW
X51007846304,TOTAL AMOUNT: RM7.52,2644,3177,3233,3235,REVIEW
X51007846304,GST @0%:RM0.00,2716,3259,3233,3319,REVIEW
X51007846304,ROUNDING: -RM0.02,2732,3343,3231,3407,REVIEW
X51007846304,NETT TOTAL: RM7.50,2744,3423,3231,3485,REVIEW
X51007846304,PAYMENT MODE,1777,3547,2172,3611,REVIEW
X51007846304,AMOUNT,3022,3543,3234,3599,REVIEW
X51007846304,CASH,1775,3649,1951,3697,REVIEW
X51007846304,CHANGE,1779,3725,1987,3791,REVIEW
X51007846304,RM7.50,3030,3639,3228,3693,REVIEW
X51007846304,RM0.00,3026,3715,3232,3775,REVIEW
X51007846304,GST SUMMARY,1777,3932,2115,3986,REVIEW
X51007846304,SR = GST @0%,1775,4024,2121,4080,REVIEW
X51007846304,AMOUNT(RM),2480,3928,2760,3984,REVIEW
X51007846304,7.52,2664,4016,2760,4068,REVIEW
X51007846304,TAX(RM),3042,3922,3236,3980,REVIEW
X51007846304,0.00,3139,4018,3241,4066,REVIEW
X51007846304,GST REG #000656195584,2155,4142,2848,4202,PHONE
X51007846304,BAR WANG RICE@PERMAS JAYA,2027,4226,2978,4296,REVIEW
X51007846304,THANK YOU & COME AGAIN!,2151,4308,2848,4374,REVIEW
X51007846304,LIKE AND FOLLOW US ON FACEBOOK!,2067,4390,2932,4450,REVIEW
X51007846304,FACEBOOK.COM/BARWANGRICE,2121,4474,2878,4544,REVIEW
X51009008095,BOON SENG PAPER SDN BHD (1248717-W),97,150,648,183,REVIEW
X51009008095,12,186,181,556,211,REVIEW
X51009008095,2/16 SEKSYEN 2,260,212,479,242,REVIEW
X51009008095,40000 SHAH ALAM,169,243,573,273,REVIEW
X51009008095,TEL : 03-5519 0823,132,305,360,332,PHONE
X51009008095,FAX : 03-5519 0823,385,309,616,334,PHONE
X51009008095,GST ID : 001005957120,204,363,541,392,PHONE
X51009008095,TAX INVOICE,291,408,454,438,REVIEW
X51009008095,NO.: CS180319-0015,419,456,644,480,PHONE
X51009008095,QTY,442,503,491,537,REVIEW
X51009008095,RM,568,502,613,527,REVIEW
X51009008095,TAX,626,502,674,529,REVIEW
X51009008095,TAPE @ 2.50,65,549,233,583,REVIEW
X51009008095,12,442,552,474,577,REVIEW
X51009008095,30.00,541,552,613,577,REVIEW
X51009008095,SR,634,552,665,571,REVIEW
X51009008095,TOTAL AMT INCL. GST @ 6% :,81,611,422,645,REVIEW
X51009008095,31.80,543,611,614,640,REVIEW
X51009008095,ROUNDING ADJUSTMENT :,152,651,421,685,REVIEW
X51009008095,0.00,558,653,613,681,REVIEW
X51009008095,TOTAL AMT PAYABLE :,181,689,423,726,REVIEW
X51009008095,31.80,534,692,618,720,REVIEW
X51009008095,PAID AMOUNT :,252,731,421,759,REVIEW
X51009008095,31.80,542,735,618,760,REVIEW
X51009008095,CHANGE :,308,771,424,806,REVIEW
X51009008095,0.00,559,773,614,801,REVIEW
X51009008095,TOTAL QTY TENDER :,196,812,421,847,REVIEW
X51009008095,12,584,816,615,843,REVIEW
X51009008095,DEPOSIT :,305,860,417,892,REVIEW
X51009008095,GST SUMMARY,94,929,274,963,REVIEW
X51009008095,AMOUNT,341,931,438,958,REVIEW
X51009008095,TAX,559,933,609,959,REVIEW
X51009008095,(RM),374,963,441,994,REVIEW
X51009008095,(RM),547,963,608,992,REVIEW
X51009008095,SR @ 6%,93,999,215,1031,REVIEW
X51009008095,30.00,366,1000,437,1027,REVIEW
X51009008095,1.80,555,999,610,1027,REVIEW
X51009008095,TOTAL,93,1035,156,1063,REVIEW
X51009008095,30.00,367,1037,438,1062,REVIEW
X51009008095,1.80,555,1039,607,1063,REVIEW
X51009008095,THANK YOU,311,1138,477,1170,REVIEW
X51009008095,GOODS SOLD ARE NOT RETURNABLE,214,1180,576,1208,REVIEW
X51009008095,19/03/2018 1:01:43 PM,255,1212,534,1241,DATE
X51009453729,3180303,10,21,126,45,REVIEW
X51009453729,LIAN HING STATIONERY SDN BHD,152,137,470,156,REVIEW
X51009453729,(162761-M),261,161,362,182,REVIEW
X51009453729,NO.32 & 33,132,184,489,204,REVIEW
X51009453729,TAMAN SERDANG RAYA,194,206,426,226,REVIEW
X51009453729,43300 SERI KEMBANGAN,133,228,489,248,REVIEW
X51009453729,DARUL EHSAN,241,253,380,270,REVIEW
X51009453729,GST ID : 002139201536,186,276,435,298,PHONE
X51009453729,TAX INVOICE,250,310,369,332,REVIEW
X51009453729,27/03/2018,112,337,209,356,DATE
X51009453729,NO. : CS-20242,366,339,502,355,REVIEW
X51009453729,QTY,379,385,408,406,REVIEW
X51009453729,TAX,417,385,451,403,REVIEW
X51009453729,RM,492,385,523,404,REVIEW
X51009453729,DURAFILE H399 (110 X 95MM),107,406,348,428,REVIEW
X51009453729,100,381,407,413,425,REVIEW
X51009453729,SR,423,406,450,425,REVIEW
X51009453729,58.30,475,407,522,427,REVIEW
X51009453729,NAME BADGE (H) @ 0.5500,106,429,340,453,REVIEW
X51009453729,809 METAL NAME BADGE CLIP,107,464,348,485,REVIEW
X51009453729,1,391,465,402,481,REVIEW
X51009453729,SR,422,463,452,481,REVIEW
X51009453729,21.20,474,465,524,484,REVIEW
X51009453729,- 100'S @ 20.0000,106,485,265,508,REVIEW
X51009453729,TOTAL AMT INCL. GST @ 6% :,124,534,371,555,REVIEW
X51009453729,79.50,451,533,500,553,REVIEW
X51009453729,ROUNDING ADJUSTMENT :,175,567,372,587,REVIEW
X51009453729,TOTAL AMT PAYABLE :,196,601,370,620,REVIEW
X51009453729,79.50,447,599,499,617,REVIEW
X51009453729,PAID AMOUNT :,249,631,372,650,REVIEW
X51009453729,100.00,440,634,499,651,REVIEW
X51009453729,CHANGE :,289,665,370,687,REVIEW
X51009453729,20.50,449,667,499,684,REVIEW
X51009453729,TOTAL QTY TENDER :,209,700,370,721,REVIEW
X51009453729,101,467,700,499,720,REVIEW
X51009453729,GST SUMMARY,122,750,250,772,REVIEW
X51009453729,AMOUNT,286,750,354,768,REVIEW
X51009453729,TAX,439,750,475,769,REVIEW
X51009453729,(RM),311,773,356,792,REVIEW
X51009453729,(RM),431,772,474,793,REVIEW
X51009453729,SR @ A,120,805,195,824,REVIEW
X51009453729,75.00,315,803,363,821,REVIEW
X51009453729,4.50,433,805,474,821,REVIEW
X51009453729,TOTAL,121,829,166,846,REVIEW
X51009453729,75.00,316,829,363,846,REVIEW
X51009453729,4.50,435,830,476,847,REVIEW
X51009453729,THANK YOU,237,868,358,888,REVIEW
X51009453729,FOR ANY ENQUIRY. PLEASE CONTACT US,147,890,452,913,REVIEW
